Rk,Player,Age,Tm,Pos,GP,G,A,PTS,PLUSMINUS,PIM,PS,EV,PP,SH,GW,EV,PP,SH,S,S%,TOI,ATOI,BLK,HIT,FOW,FOL,FO%
0,1,Noel Acciari,29,FLA,C,31,4,7,11,6,4,0.9,3,1,0,1,4,2,1,53,7.5,493,15:54,46,67,217,202,51.8
1,2,Calen Addison,20,MIN,D,3,0,0,0,0,0,0.0,0,0,0,0,0,0,0,4,0.0,56,18:31,1,2,0,0,
2,3,Kenny Agostino,28,TOR,LW,1,0,0,0,0,0,0.0,0,0,0,0,0,0,0,0,,4,4:08,0,0,0,0,
3,4,Andrew Agozzino,30,ANA,LW,2,0,0,0,-1,0,-0.1,0,0,0,0,0,0,0,1,0.0,26,12:45,6,4,13,10,56.5
4,5,Jack Ahcan,23,BOS,D,1,0,0,0,0,0,0.0,0,0,0,0,0,0,0,3,0.0,18,17:55,2,1,0,0,
5,6,Sebastian Aho,23,CAR,F,37,15,18,33,9,14,4.1,10,4,1,3,12,6,0,95,15.8,725,19:35,14,21,250,224,52.7
6,7,Sebastian Aho,24,NYI,D,3,1,1,2,-1,2,0.3,1,0,0,0,1,0,0,4,25.0,40,13:21,2,1,0,0,
7,8,Frederic Allard,23,NSH,D,1,0,0,0,-2,0,-0.1,0,0,0,0,0,0,0,0,,17,16:59,1,0,0,0,
8,9,Mark Alt,29,LAK,D,2,0,0,0,0,2,0.0,0,0,0,0,0,0,0,3,0.0,27,13:35,1,2,0,0,
9,10,Michael Amadio,24,LAK,C,20,0,2,2,-5,2,-0.3,0,0,0,0,1,1,0,19,0.0,249,12:26,15,2,75,72,51.0
10,11,Joey Anderson,22,TOR,RW,1,0,0,0,1,2,0.0,0,0,0,0,0,0,0,0,,10,9:36,3,0,0,1,0.0
11,12,Josh Anderson,26,MTL,RW,32,14,5,19,2,32,2.6,12,1,1,3,4,1,0,85,16.5,505,15:48,16,83,6,1,85.7
12,13,Michael Anderson,21,LAK,D,35,0,7,7,1,16,1.9,0,0,0,0,6,0,1,33,0.0,739,21:07,44,38,0,0,
13,14,Jaret Anderson-Dolan,21,LAK,C,16,4,4,8,-2,6,0.9,3,1,0,2,4,0,0,18,22.2,237,14:49,7,33,79,72,52.3
14,15,Lias Andersson,22,LAK,C,13,2,0,2,-6,6,0.0,2,0,0,0,0,0,0,15,13.3,139,10:43,2,4,14,24,36.8
15,16,Rasmus Andersson,24,CGY,D,40,3,13,16,-14,26,2.0,2,1,0,0,8,5,0,70,4.3,850,21:16,50,34,0,0,
16,17,Andy Andreoff,29,PHI,LW,6,0,0,0,-6,9,-0.3,0,0,0,0,0,0,0,2,0.0,52,8:37,1,14,15,9,62.5
17,18,Anthony Angello,24,PIT,C,19,2,2,4,4,8,0.5,1,1,0,0,2,0,0,19,10.5,152,7:59,2,51,0,0,
18,19,Artem Anisimov,32,OTT,C,16,2,6,8,1,2,0.8,1,1,0,0,6,0,0,25,8.0,190,11:52,8,6,28,44,38.9
19,20,Mason Appleton,25,WPG,C,39,9,10,19,8,6,2.3,9,0,0,1,9,0,1,55,16.4,548,14:03,18,35,6,5,54.5
20,21,Josh Archibald,28,EDM,RW,35,6,2,8,-4,27,0.5,6,0,0,0,2,0,0,41,14.6,469,13:23,25,130,1,3,25.0
21,22,Joel Armia,27,MTL,RW,24,5,5,10,6,6,1.1,4,0,1,0,4,0,1,46,10.9,342,14:15,5,46,6,14,30.0
22,23,Viktor Arvidsson,27,NSH,LW,39,5,13,18,1,12,1.5,3,2,0,1,12,1,0,122,4.1,653,16:44,22,9,6,16,27.3
23,24,Rasmus Asplund,23,BUF,F,9,3,0,3,0,0,0.5,3,0,0,1,0,0,0,10,30.0,92,10:11,0,4,4,5,44.4
24,25,Zach Aston-Reese,26,PIT,C,27,8,2,10,9,13,1.5,7,0,1,0,2,0,0,46,17.4,392,14:31,13,51,3,5,37.5
25,26,Andreas Athanasiou,26,LAK,C,29,8,7,15,-7,13,1.6,8,0,0,1,6,1,0,51,15.7,425,14:39,9,6,2,0,100.0
26,27,Cam Atkinson,31,CBJ,RW,40,13,12,25,-9,4,2.4,8,1,4,2,6,6,0,116,11.2,749,18:44,19,18,4,16,20.0
27,28,Nicolas Aube-Kubel,24,PHI,RW,35,2,6,8,-4,34,0.1,2,0,0,0,6,0,0,35,5.7,399,11:23,12,92,1,2,33.3
28,29,David Backes,36,ANA,C,11,2,0,2,-4,2,0.0,2,0,0,1,0,0,0,25,8.0,147,13:22,14,23,63,64,49.6
29,30,Mikael Backlund,31,CGY,C,38,8,14,22,-9,20,1.8,7,0,1,0,8,5,1,104,7.7,656,17:16,16,34,248,244,50.4
30,31,Nicklas Backstrom,33,WSH,C,38,13,26,39,2,8,4.3,9,4,0,0,14,12,0,62,21.0,714,18:47,15,15,250,296,45.8
31,32,Josh Bailey,31,NYI,C,38,6,17,23,9,2,2.3,6,0,0,1,10,7,0,64,9.4,685,18:01,16,10,11,14,44.0
32,33,Justin Bailey,25,VAN,RW,3,0,0,0,-2,2,-0.1,0,0,0,0,0,0,0,6,0.0,20,6:48,0,2,0,0,
33,34,Rudolfs Balcers,23,SJS,LW,22,5,7,12,-1,6,1.3,5,0,0,1,6,1,0,38,13.2,311,14:09,19,32,0,3,0.0
34,35,Alexander Barabanov,26,TOR,F,11,0,0,0,0,4,-0.2,0,0,0,0,0,0,0,11,0.0,90,8:10,4,5,0,0,
35,36,Ivan Barbashev,25,STL,C,20,2,4,6,4,4,0.5,2,0,0,0,4,0,0,26,7.7,267,13:22,7,25,27,38,41.5
36,37,Aleksander Barkov,25,FLA,C,33,14,26,40,13,6,5.0,10,3,1,4,17,9,0,119,11.8,695,21:04,22,19,352,305,53.6
37,38,Alex Barre-Boulet,23,TBL,F,2,0,0,0,1,0,0.0,0,0,0,0,0,0,0,1,0.0,23,11:27,0,1,1,2,33.3
38,39,Tyson Barrie,29,EDM,D,39,5,27,32,5,4,4.9,3,2,0,1,15,12,0,105,4.8,847,21:44,39,18,0,0,
39,40,Matt Bartkowski,32,MIN,D,1,0,0,0,-1,0,-0.1,0,0,0,0,0,0,0,2,0.0,13,13:02,1,1,0,0,
40,41,Mathew Barzal,23,NYI,C,38,13,21,34,17,36,4.5,12,1,0,1,16,5,0,98,13.3,724,19:04,9,13,124,156,44.3
41,42,Nathan Bastian,23,NJD,RW,27,2,4,6,3,13,0.4,2,0,0,0,4,0,0,33,6.1,306,11:21,9,78,10,15,40.0
42,43,Drake Batherson,22,OTT,C,39,12,11,23,-13,6,2.1,9,3,0,2,3,8,0,82,14.6,632,16:12,21,69,5,8,38.5
43,44,Jay Beagle,35,VAN,RW,30,1,4,5,-2,8,0.0,1,0,0,0,4,0,0,21,4.8,376,12:31,8,34,173,135,56.2
44,45,Jake Bean,22,CAR,D,27,1,10,11,-3,6,1.4,0,1,0,0,6,4,0,37,2.7,378,14:00,10,10,0,0,
45,46,Ethan Bear,23,EDM,D,27,0,4,4,1,8,0.9,0,0,0,0,4,0,0,28,0.0,488,18:05,31,13,0,0,
46,47,Nicolas Beaudin,21,CHI,D,14,2,3,5,2,2,1.1,2,0,0,0,2,1,0,6,33.3,199,14:12,12,8,0,0,
47,48,Nathan Beaulieu,28,WPG,D,25,0,1,1,-5,20,0.1,0,0,0,0,1,0,0,26,0.0,418,16:44,30,39,0,0,
48,49,Anthony Beauvillier,23,NYI,LW,29,8,6,14,9,6,1.9,7,1,0,4,5,1,0,63,12.7,475,16:22,8,25,2,4,33.3
49,50,Pierre-Edouard Bellemare,35,COL,LW,35,5,1,6,5,19,0.6,5,0,0,0,1,0,0,49,10.2,408,11:39,23,16,197,119,62.3
50,51,Kieffer Bellows,22,NYI,LW,13,3,0,3,0,4,0.4,3,0,0,1,0,0,0,18,16.7,144,11:05,4,33,2,2,50.0
51,52,Louis Belpedio,24,MIN,D,1,0,0,0,-1,0,-0.1,0,0,0,0,0,0,0,2,0.0,14,13:58,1,3,0,0,
52,53,Emil Bemstrom,21,CBJ,C,15,0,2,2,1,0,0.0,0,0,0,0,2,0,0,17,0.0,176,11:44,6,12,0,0,
53,54,Jamie Benn,31,DAL,LW,32,7,11,18,3,25,1.8,5,2,0,0,9,2,0,85,8.2,571,17:50,20,44,98,88,52.7
54,55,Jordie Benn,33,VAN,D,31,1,8,9,5,9,2.0,1,0,0,0,8,0,0,39,2.6,455,14:40,46,14,0,0,
55,56,Sam Bennett,24,CGY,C,37,4,6,10,-16,19,0.1,4,0,0,1,6,0,0,67,6.0,499,13:29,16,73,68,69,49.6
56,57,Matt Benning,26,NSH,D,37,1,1,2,-2,24,0.9,1,0,0,0,0,0,1,29,3.4,586,15:51,35,41,0,0,
57,58,Patrice Bergeron,35,BOS,C,35,12,18,30,9,12,3.9,5,5,2,1,12,6,0,119,10.1,648,18:31,21,36,472,276,63.1
58,59,Tyler Bertuzzi,25,DET,LW,9,5,2,7,0,4,1.0,2,3,0,1,1,1,0,20,25.0,177,19:37,3,13,1,1,50.0
59,60,Alex Biega,32,DET,D,3,0,0,0,-2,2,-0.1,0,0,0,0,0,0,0,1,0.0,34,11:26,1,9,0,0,
60,61,Clark Bishop,24,OTT,C,10,0,3,3,1,2,0.2,0,0,0,0,3,0,0,14,0.0,94,9:23,6,17,22,29,43.1
61,62,Anthony Bitetto,30,NYR,D,9,1,2,3,-3,13,0.3,1,0,0,0,1,1,0,9,11.1,127,14:03,5,12,0,0,
62,63,Anders Bjork,24,BOS,LW,30,2,3,5,-8,10,-0.1,2,0,0,0,3,0,0,22,9.1,369,12:18,9,37,0,1,0.0
63,64,Oliver Bjorkstrand,25,CBJ,RW,40,14,17,31,-5,23,3.4,12,2,0,0,16,1,0,94,14.9,691,17:16,21,32,2,2,50.0
64,65,Tobias Bjornfot,19,LAK,D,19,0,4,4,0,10,0.9,0,0,0,0,4,0,0,16,0.0,311,16:23,21,15,0,0,
65,66,Nick Bjugstad,28,MIN,C,37,6,9,15,7,17,1.7,6,0,0,3,8,1,0,68,8.8,450,12:09,18,42,115,137,45.6
66,67,Colin Blackwell,27,NYR,C,28,9,4,13,4,6,1.9,7,2,0,1,4,0,0,41,22.0,368,13:09,9,28,19,15,55.9
67,68,Sammy Blais,24,STL,LW,23,3,4,7,-4,8,0.4,3,0,0,1,4,0,0,17,17.6,268,11:39,5,64,2,0,100.0
68,69,Joachim Blichfeld,22,SJS,W,2,0,0,0,0,12,0.0,0,0,0,0,0,0,0,1,0.0,15,7:23,1,2,0,0,
69,70,Anton Blidh,25,BOS,LW,5,0,0,0,-2,2,-0.1,0,0,0,0,0,0,0,4,0.0,49,9:53,3,14,0,2,0.0
70,71,Teddy Blueger,26,PIT,C,28,4,11,15,8,4,1.5,2,0,2,1,11,0,0,29,13.8,421,15:02,20,42,141,140,50.2
71,72,Brock Boeser,23,VAN,RW,37,16,17,33,-1,12,4.1,9,6,1,1,12,5,0,86,18.6,719,19:27,11,26,5,8,38.5
72,73,Zach Bogosian,30,TOR,D,38,0,4,4,5,45,1.1,0,0,0,0,4,0,0,31,0.0,553,14:33,26,57,0,0,
73,74,Nick Bonino,32,MIN,C,36,4,4,8,-4,26,0.2,3,1,0,1,4,0,0,47,8.5,529,14:41,36,4,262,240,52.2
74,75,Adam Boqvist,20,CHI,D,28,2,12,14,-7,12,1.6,1,1,0,0,5,7,0,29,6.9,496,17:42,25,23,0,0,
75,76,Jesper Boqvist,22,NJD,C,10,0,2,2,-2,2,-0.1,0,0,0,0,2,0,0,10,0.0,118,11:47,4,5,3,7,30.0
76,77,William Borgen,24,BUF,D,4,0,0,0,0,2,0.1,0,0,0,0,0,0,0,4,0.0,68,16:59,5,12,0,0,
77,78,Andreas Borgman,25,TBL,D,7,0,2,2,-2,4,0.1,0,0,0,0,2,0,0,7,0.0,84,11:58,3,10,0,0,
78,79,Mark Borowiecki,31,NSH,D,22,0,1,1,-2,38,0.3,0,0,0,0,1,0,0,18,0.0,301,13:41,37,54,0,0,
79,80,Robert Bortuzzo,31,STL,D,28,0,2,2,-10,21,-0.3,0,0,0,0,2,0,0,22,0.0,384,13:42,34,52,0,0,
80,81,Evan Bouchard,21,EDM,D,12,1,3,4,0,2,0.6,1,0,0,0,3,0,0,34,2.9,170,14:08,8,8,0,0,
81,82,Madison Bowey,25,CHI,D,2,0,1,1,1,0,0.2,0,0,0,0,1,0,0,0,,22,11:09,1,4,0,0,
82,83,Travis Boyd,27,TOR,C,20,3,5,8,1,2,0.8,2,1,0,0,5,0,0,15,20.0,193,9:40,9,9,6,19,24.0
83,84,Tyler Bozak,34,STL,C,14,2,2,4,-4,4,0.1,1,0,1,0,2,0,0,17,11.8,185,13:14,6,12,69,68,50.4
84,85,Erik Brannstrom,21,OTT,D,14,2,3,5,-3,10,0.7,1,1,0,0,2,1,0,26,7.7,208,14:52,9,11,0,0,
85,86,Derick Brassard,33,ARI,C,39,8,8,16,-6,8,1.5,4,4,0,1,6,2,0,51,15.7,580,14:53,1,50,153,161,48.7
86,87,Jesper Bratt,22,NJD,W,30,4,15,19,2,6,1.6,3,1,0,1,10,4,1,60,6.7,473,15:46,10,26,2,6,25.0
87,88,Justin Braun,33,PHI,D,34,0,3,3,6,12,1.2,0,0,0,0,3,0,0,34,0.0,625,18:23,43,50,0,0,
88,89,T.J. Brodie,30,TOR,D,39,0,12,12,14,6,2.9,0,0,0,0,9,3,0,36,0.0,852,21:50,59,24,0,0,
89,90,Jonas Brodin,27,MIN,D,35,5,11,16,4,12,3.3,4,1,0,1,10,1,0,55,9.1,796,22:45,67,19,0,0,
90,91,Jonny Brodzinski,27,NYR,C,4,1,0,1,0,4,0.1,1,0,0,0,0,0,0,6,16.7,44,10:55,1,3,0,1,0.0
91,92,Mathias Brome,26,DET,F,24,1,0,1,-10,8,-0.7,1,0,0,1,0,0,0,21,4.8,325,13:33,6,17,1,2,33.3
92,93,Adam Brooks,24,TOR,C,1,1,0,1,-1,0,0.2,0,1,0,0,0,0,0,1,100.0,9,8:30,0,1,1,1,50.0
93,94,Connor Brown,27,OTT,RW,39,10,10,20,-8,10,1.6,7,1,2,1,9,1,0,80,12.5,710,18:12,22,18,8,9,47.1
94,95,Dustin Brown,36,LAK,RW,35,15,7,22,-2,14,3.0,7,8,0,1,5,2,0,101,14.9,619,17:42,6,61,1,2,33.3
95,96,Josh Brown,27,OTT,D,15,0,0,0,-6,8,-0.3,0,0,0,0,0,0,0,4,0.0,202,13:26,21,41,0,0,
96,97,Patrick Brown,28,VEG,C,4,0,0,0,0,2,-0.1,0,0,0,0,0,0,0,5,0.0,36,9:06,2,7,16,7,69.6
97,98,Jacob Bryson,23,BUF,D,19,1,3,4,-2,12,1.1,1,0,0,0,2,0,1,17,5.9,370,19:28,27,14,0,0,
98,99,Pavel Buchnevich,25,NYR,LW,36,14,18,32,9,9,4.1,12,0,2,1,12,5,1,86,16.3,687,19:05,19,31,2,9,18.2
99,100,Connor Bunnaman,22,PHI,F,18,0,1,1,-6,2,-0.5,0,0,0,0,1,0,0,15,0.0,208,11:34,6,31,56,48,53.8
100,101,Michael Bunting,25,ARI,LW,4,4,1,5,2,2,0.9,2,2,0,0,1,0,0,13,30.8,69,17:19,0,6,0,1,0.0
101,102,Andre Burakovsky,25,COL,LW,35,10,15,25,3,6,2.8,7,3,0,1,11,4,0,65,15.4,514,14:41,8,12,0,2,0.0
102,103,Brent Burns,35,SJS,D,37,5,16,21,-9,20,2.9,3,2,0,1,12,4,0,84,6.0,979,26:28,65,25,0,0,
103,104,Kyle Burroughs,25,COL,D,1,0,0,0,-1,5,-0.1,0,0,0,0,0,0,0,1,0.0,6,6:17,0,2,0,0,
104,105,Will Butcher,26,NJD,D,8,1,2,3,0,0,0.5,1,0,0,0,2,0,0,13,7.7,136,17:00,12,3,0,0,
105,106,Bowen Byram,19,COL,D,19,0,2,2,1,23,0.5,0,0,0,0,2,0,0,21,0.0,333,17:31,13,33,0,0,
106,107,Paul Byron,31,MTL,LW,34,3,8,11,6,8,0.9,2,0,1,1,8,0,0,30,10.0,428,12:36,15,76,11,13,45.8
107,108,Nicholas Caamano,22,DAL,RW,23,0,1,1,-6,17,-0.5,0,0,0,0,1,0,0,32,0.0,214,9:18,8,38,1,0,100.0
108,109,Drake Caggiula,26,ARI,LW,27,1,6,7,-1,15,0.3,1,0,0,0,6,0,0,31,3.2,336,12:26,6,49,4,8,33.3
109,110,Matt Calvert,31,COL,LW,18,0,3,3,-2,6,-0.2,0,0,0,0,3,0,0,26,0.0,249,13:49,8,12,0,1,0.0
110,111,Kyle Capobianco,23,ARI,D,2,0,0,0,-2,2,-0.1,0,0,0,0,0,0,0,3,0.0,29,14:28,2,1,0,0,
111,112,Brandon Carlo,24,BOS,D,23,2,1,3,1,10,1.3,2,0,0,1,1,0,0,31,6.5,425,18:29,33,32,0,0,
112,113,John Carlson,31,WSH,D,38,10,22,32,-6,8,4.2,7,3,0,1,15,7,0,95,10.5,902,23:44,51,44,0,0,
113,114,Gabriel Carlsson,24,CBJ,D,12,1,2,3,-4,4,0.3,1,0,0,0,1,1,0,11,9.1,177,14:47,11,9,0,0,
114,115,Lucas Carlsson,23,CHI,D,12,0,1,1,1,2,0.3,0,0,0,0,1,0,0,10,0.0,157,13:04,3,6,0,0,
115,116,Ryan Carpenter,30,CHI,C,31,4,0,4,-6,13,0.0,2,1,1,0,0,0,0,43,9.3,400,12:54,12,63,47,58,44.8
116,117,Daniel Carr,29,WSH,LW,3,0,1,1,-2,0,0.0,0,0,0,0,1,0,0,3,0.0,31,10:15,4,3,0,0,
117,118,Connor Carrick,26,NJD,D,1,0,0,0,-2,0,-0.1,0,0,0,0,0,0,0,1,0.0,16,16:14,1,2,0,0,
118,119,Sam Carrick,28,ANA,C,1,1,0,1,1,5,0.2,1,0,0,0,0,0,0,2,50.0,15,14:54,1,1,4,8,33.3
119,120,Alexandre Carrier,24,NSH,D,15,1,2,3,0,4,0.8,1,0,0,0,2,0,0,26,3.8,302,20:08,24,18,0,0,
120,121,William Carrier,26,VEG,LW,33,3,5,8,-2,8,0.5,3,0,0,0,5,0,0,36,8.3,324,9:48,6,78,1,3,25.0
121,122,Jeff Carter,36,LAK,C,37,6,10,16,-9,20,1.1,5,1,0,0,7,3,0,108,5.6,613,16:34,18,30,38,45,45.8
122,123,Cody Ceci,27,PIT,D,35,3,6,9,12,10,2.5,3,0,0,0,6,0,0,38,7.9,639,18:15,50,52,0,0,
123,124,Erik Cernak,23,TBL,D,29,1,9,10,14,23,2.6,1,0,0,0,9,0,0,55,1.8,548,18:54,35,57,0,0,
124,125,Thomas Chabot,24,OTT,D,36,4,19,23,-17,34,2.4,3,1,0,0,15,4,0,83,4.8,951,26:25,50,49,0,0,
125,126,Michael Chaput,28,ARI,C,10,0,0,0,-5,6,-0.3,0,0,0,0,0,0,0,2,0.0,96,9:34,8,16,29,27,51.8
126,127,Zdeno Chara,43,WSH,D,38,2,7,9,12,27,2.3,2,0,0,0,7,0,0,45,4.4,708,18:39,47,63,0,0,
127,128,Jalen Chatfield,24,VAN,D,10,0,0,0,-7,6,-0.4,0,0,0,0,0,0,0,8,0.0,131,13:05,6,8,0,0,
128,129,Ben Chiarot,29,MTL,D,25,1,4,5,-2,44,0.5,0,1,0,0,4,0,0,55,1.8,534,21:22,37,45,0,0,
129,130,Alex Chiasson,30,EDM,RW,29,6,4,10,-5,19,0.8,2,4,0,1,3,1,0,36,16.7,355,12:14,4,25,1,2,33.3
130,131,Filip Chlapik,23,OTT,C,1,0,0,0,1,0,0.0,0,0,0,0,0,0,0,1,0.0,7,7:11,0,1,0,0,
131,132,Sasha Chmelevski,21,SJS,C,2,0,1,1,-1,0,0.0,0,0,0,0,1,0,0,3,0.0,12,6:10,1,0,2,7,22.2
132,133,Dennis Cholowski,22,DET,D,2,0,0,0,-1,0,0.0,0,0,0,0,0,0,0,0,,29,14:26,1,1,0,0,
133,134,Jakob Chychrun,22,ARI,D,39,12,15,27,-1,30,5.2,11,1,0,3,7,8,0,108,11.1,904,23:11,61,41,0,0,
134,135,Filip Chytil,21,NYR,C,23,7,4,11,3,6,1.5,7,0,0,0,4,0,0,38,18.4,309,13:25,9,10,61,83,42.4
135,136,Anthony Cirelli,23,TBL,C,32,9,12,21,6,8,2.3,6,1,2,3,9,3,0,53,17.0,580,18:07,25,45,136,140,49.3
136,137,Casey Cizikas,29,NYI,C,38,7,7,14,2,21,1.4,7,0,0,3,7,0,0,47,14.9,522,13:44,18,71,233,195,54.4
137,138,Fredrik Claesson,28,SJS,D,4,0,0,0,1,0,0.1,0,0,0,0,0,0,0,3,0.0,46,11:34,2,8,0,0,
138,139,Kale Clague,22,LAK,D,13,0,4,4,-4,4,0.5,0,0,0,0,4,0,0,22,0.0,235,18:05,10,6,0,0,
139,140,Kyle Clifford,30,STL,LW,36,3,2,5,-3,23,0.1,3,0,0,0,1,0,1,45,6.7,338,9:24,10,51,2,3,40.0
140,141,Connor Clifton,25,BOS,D,28,0,4,4,-3,17,1.0,0,0,0,0,4,0,0,27,0.0,510,18:12,33,77,0,0,
141,142,Cal Clutterbuck,33,NYI,RW,36,3,6,9,-4,8,0.3,3,0,0,1,6,0,0,37,8.1,479,13:18,16,127,0,0,
142,143,Braydon Coburn,35,OTT,D,15,0,2,2,-2,10,0.3,0,0,0,0,1,0,1,14,0.0,250,16:38,14,24,0,0,
143,144,Dylan Coghlan,22,VEG,D,22,3,2,5,-3,2,0.8,3,0,0,0,2,0,0,25,12.0,321,14:34,12,27,0,0,
144,145,Andrew Cogliano,33,DAL,LW,34,4,4,8,2,13,0.6,4,0,0,0,4,0,0,55,7.3,453,13:20,13,53,3,7,30.0
145,146,Ian Cole,31,TOT,D,35,1,3,4,11,20,1.9,1,0,0,1,3,0,0,23,4.3,556,15:54,68,27,0,0,
146,146,Ian Cole,31,MIN,D,33,1,3,4,11,20,1.9,1,0,0,1,3,0,0,21,4.8,527,15:58,66,23,0,0,
147,146,Ian Cole,31,COL,D,2,0,0,0,0,0,0.0,0,0,0,0,0,0,0,2,0.0,29,14:41,2,4,0,0,
148,147,Blake Coleman,29,TBL,C,37,7,10,17,9,29,1.9,6,1,0,2,10,0,0,77,9.1,561,15:11,11,66,2,5,28.6
149,148,Ross Colton,24,TBL,C,12,4,3,7,6,2,1.2,4,0,0,2,3,0,0,14,28.6,118,9:48,3,19,54,41,56.8
150,149,Blake Comeau,34,DAL,RW,31,1,8,9,1,10,0.3,1,0,0,0,7,0,1,39,2.6,485,15:40,9,62,29,36,44.6
151,150,J.T. Compher,25,COL,LW,30,5,5,10,5,15,1.0,4,1,0,1,4,1,0,30,16.7,423,14:05,26,20,143,176,44.8
152,151,Max Comtois,22,ANA,LW,38,10,12,22,2,20,2.6,10,0,0,1,9,3,0,57,17.5,582,15:19,26,69,8,13,38.1
153,152,Kevin Connauton,30,FLA,D,5,0,1,1,5,2,0.6,0,0,0,0,1,0,0,4,0.0,75,15:00,3,11,0,0,
154,153,Brett Connolly,28,FLA,RW,21,2,2,4,4,2,0.3,2,0,0,0,2,0,0,16,12.5,264,12:36,5,25,3,8,27.3
155,154,Kyle Connor,24,WPG,LW,39,18,19,37,1,8,4.5,10,8,0,3,16,3,0,127,14.2,724,18:34,12,11,6,3,66.7
156,155,Andrew Copp,26,WPG,C,39,12,18,30,5,12,3.3,7,5,0,1,14,4,0,83,14.5,719,18:26,29,51,68,74,47.9
157,156,Nick Cousins,27,NSH,C,38,3,7,10,-3,27,0.5,3,0,0,0,3,4,0,41,7.3,514,13:31,10,30,13,16,44.8
158,157,Logan Couture,31,SJS,C,37,14,11,25,-5,19,2.8,12,2,0,2,7,4,0,86,16.3,721,19:30,26,39,317,305,51.0
159,158,Sean Couturier,28,PHI,C,26,11,17,28,3,6,3.2,8,3,0,3,12,5,0,63,17.5,490,18:52,9,17,256,210,54.9
160,159,Charlie Coyle,28,BOS,C,34,5,6,11,-6,14,0.7,4,0,1,1,6,0,0,51,9.8,571,16:47,16,42,181,185,49.5
161,160,Dylan Cozens,19,BUF,C,25,4,2,6,-6,7,0.4,3,1,0,0,2,0,0,22,18.2,340,13:36,7,19,49,33,59.8
162,161,Joseph Cramarossa,28,MIN,C,3,0,0,0,-2,15,-0.1,0,0,0,0,0,0,0,3,0.0,33,10:59,1,9,0,0,
163,162,Sidney Crosby,33,PIT,C,37,15,28,43,7,16,5.0,10,4,1,3,16,12,0,108,13.9,759,20:30,21,28,461,386,54.4
164,163,Lawson Crouse,23,ARI,LW,36,2,5,7,-10,42,-0.2,2,0,0,0,3,2,0,44,4.5,520,14:27,24,105,14,17,45.2
165,164,Josh Currie,28,PIT,RW,1,0,0,0,0,0,0.0,0,0,0,0,0,0,0,0,,7,7:24,0,0,2,3,40.0
166,165,Austin Czarnik,28,NYI,C,4,0,0,0,-1,0,-0.1,0,0,0,0,0,0,0,2,0.0,50,12:30,2,2,7,5,58.3
167,166,Kevin Czuczman,30,PIT,D,2,0,0,0,-3,0,-0.2,0,0,0,0,0,0,0,2,0.0,23,11:39,2,1,0,0,
168,167,Kirby Dach,20,CHI,C,5,0,2,2,-2,0,0.0,0,0,0,0,2,0,0,9,0.0,91,18:10,5,2,20,33,37.7
169,168,Evgenii Dadonov,31,OTT,RW,39,11,4,15,-10,2,1.3,11,0,0,2,3,1,0,70,15.7,638,16:22,21,29,0,1,0.0
170,169,Rasmus Dahlin,20,BUF,D,37,2,11,13,-34,14,0.3,1,1,0,0,4,7,0,72,2.8,765,20:40,31,43,0,0,
171,170,Michael Dal Colle,24,NYI,LW,20,1,3,4,3,4,0.3,1,0,0,0,3,0,0,10,10.0,232,11:36,8,23,0,2,0.0
172,171,Zac Dalpe,31,CBJ,RW,3,0,0,0,-1,0,-0.1,0,0,0,0,0,0,0,3,0.0,19,6:26,3,4,1,6,14.3
173,172,Phillip Danault,27,MTL,C,35,3,16,19,18,18,1.9,3,0,0,0,15,0,1,52,5.8,589,16:49,15,40,307,281,52.2
174,173,Brandon Davidson,29,BUF,D,6,0,0,0,-4,4,-0.1,0,0,0,0,0,0,0,7,0.0,92,15:20,5,14,0,0,
175,174,Jeremy Davies,24,NSH,D,9,0,1,1,3,4,0.5,0,0,0,0,1,0,0,10,0.0,139,15:28,3,8,0,0,
176,175,Calvin de Haan,29,CHI,D,38,1,7,8,-13,10,0.6,1,0,0,1,7,0,0,48,2.1,728,19:09,77,88,0,0,
177,176,Jacob de La Rose,25,STL,LW,13,0,1,1,-2,7,-0.2,0,0,0,0,1,0,0,13,0.0,133,10:12,8,22,34,39,46.6
178,177,Jean-Sebastien Dea,26,BUF,C,1,0,0,0,-1,2,0.0,0,0,0,0,0,0,0,2,0.0,6,5:33,0,0,0,0,
179,178,Anthony DeAngelo,25,NYR,D,6,0,1,1,-6,4,-0.3,0,0,0,0,0,1,0,13,0.0,111,18:29,6,3,0,0,
180,179,Alex DeBrincat,23,CHI,RW,35,19,17,36,8,8,5.0,13,6,0,4,10,7,0,108,17.6,717,20:30,15,39,9,13,40.9
181,180,Jake Debrusk,24,BOS,LW,22,3,4,7,-2,2,0.5,1,2,0,1,4,0,0,44,6.8,334,15:12,11,25,3,6,33.3
182,181,Danny DeKeyser,30,DET,D,31,1,4,5,-2,12,1.2,1,0,0,0,4,0,0,25,4.0,536,17:18,48,35,0,0,
183,182,Michael Del Zotto,30,CBJ,D,37,2,6,8,6,6,2.3,2,0,0,0,6,0,0,53,3.8,600,16:13,38,87,0,0,
184,183,Ty Dellandrea,20,DAL,C,23,3,2,5,2,19,0.4,1,2,0,0,1,1,0,29,10.3,296,12:51,9,38,44,50,46.8
185,184,Dylan DeMelo,27,WPG,D,35,0,5,5,7,12,1.6,0,0,0,0,5,0,0,29,0.0,584,16:42,44,53,0,0,
186,185,Jason Demers,32,ARI,D,26,0,3,3,-4,20,0.6,0,0,0,0,3,0,0,20,0.0,458,17:37,19,36,0,0,
187,186,Grigori Denisenko,20,FLA,LW,2,0,0,0,-1,2,-0.1,0,0,0,0,0,0,0,2,0.0,21,10:33,1,2,0,0,
188,187,Travis Dermott,24,TOR,D,35,2,2,4,-3,17,0.6,2,0,0,0,2,0,0,29,6.9,445,12:42,23,30,0,0,
189,188,Nicolas Deslauriers,29,ANA,LW,33,3,3,6,-6,38,0.1,3,0,0,1,3,0,0,41,7.3,383,11:36,14,95,0,1,0.0
190,189,Phillip Di Giuseppe,27,NYR,LW,26,1,7,8,2,6,0.5,1,0,0,0,7,0,0,41,2.4,292,11:13,15,70,2,4,33.3
191,190,Jason Dickinson,25,DAL,C,35,5,5,10,-3,12,0.5,5,0,0,2,4,1,0,43,11.6,571,16:19,38,52,112,130,46.3
192,191,Brenden Dillon,30,WSH,D,38,1,11,12,8,33,2.2,1,0,0,0,10,0,1,32,3.1,730,19:12,44,89,0,0,
193,192,Christian Djoos,26,DET,D,32,2,7,9,-9,12,1.1,1,1,0,0,5,2,0,34,5.9,490,15:19,25,10,0,0,
194,193,Noah Dobson,21,NYI,D,30,3,9,12,7,4,2.6,3,0,0,0,6,3,0,44,6.8,501,16:42,33,25,0,0,
195,194,Max Domi,25,CBJ,LW,40,5,9,14,-14,39,0.5,4,1,0,0,8,1,0,74,6.8,595,14:52,8,12,91,99,47.9
196,195,Ryan Donato,24,SJS,C,37,6,12,18,-6,10,1.5,4,2,0,1,9,3,0,83,7.2,496,13:24,18,40,21,31,40.4
197,196,Joonas Donskoi,28,COL,RW,38,15,13,28,14,6,4.0,11,4,0,2,11,2,0,55,27.3,527,13:52,19,10,10,14,41.7
198,197,Drew Doughty,31,LAK,D,37,8,20,28,-4,18,5.0,2,6,0,0,9,10,1,70,11.4,992,26:49,56,55,0,0,
199,198,Nic Dowd,30,WSH,C,38,7,2,9,3,22,0.7,7,0,0,2,2,0,0,43,16.3,563,14:49,32,58,299,226,57.0
200,199,Justin Dowling,30,DAL,C,15,1,3,4,0,4,0.2,1,0,0,0,2,1,0,19,5.3,186,12:23,2,10,23,31,42.6
201,200,Leon Draisaitl,25,EDM,C,39,19,38,57,20,14,7.2,9,9,1,6,24,14,0,113,16.8,864,22:09,9,26,401,322,55.5
202,201,Sheldon Dries,26,COL,C,3,0,0,0,1,4,0.0,0,0,0,0,0,0,0,1,0.0,23,7:49,0,6,0,1,0.0
203,202,Jonathan Drouin,25,MTL,LW,35,2,19,21,-3,12,1.2,2,0,0,0,15,4,0,64,3.1,574,16:24,6,32,19,22,46.3
204,203,Jamie Drysdale,18,ANA,D,8,1,2,3,-3,2,0.4,1,0,0,0,2,0,0,9,11.1,135,16:52,4,1,0,0,
205,204,Dillon Dube,22,CGY,C,35,7,9,16,-3,12,1.6,5,2,0,0,9,0,0,54,13.0,476,13:37,10,39,6,3,66.7
206,205,Pierre-Luc Dubois,22,TOT,LW,29,9,8,17,-3,16,1.8,8,1,0,3,5,3,0,52,17.3,443,15:17,18,39,119,155,43.4
207,205,Pierre-Luc Dubois,22,WPG,LW,24,8,8,16,-1,14,1.8,7,1,0,2,5,3,0,45,17.8,371,15:27,15,37,86,127,40.4
208,205,Pierre-Luc Dubois,22,CBJ,LW,5,1,0,1,-2,2,0.0,1,0,0,1,0,0,0,7,14.3,73,14:31,3,2,33,28,54.1
209,206,Matt Duchene,30,NSH,C,23,3,5,8,-11,4,0.2,2,1,0,0,3,2,0,52,5.8,385,16:44,5,14,156,131,54.4
210,207,Anthony Duclair,25,FLA,LW,29,4,12,16,9,10,1.7,4,0,0,1,11,1,0,73,5.5,435,15:01,5,22,0,2,0.0
211,208,Mathew Dumba,26,MIN,D,32,5,7,12,6,26,2.9,5,0,0,1,5,2,0,65,7.7,713,22:18,48,49,0,0,
212,209,Brian Dumoulin,29,PIT,D,23,0,5,5,10,6,1.5,0,0,0,0,4,0,1,27,0.0,518,22:31,32,39,0,0,
213,210,Vince Dunn,24,STL,D,36,5,7,12,-10,12,1.6,4,1,0,0,5,2,0,63,7.9,701,19:28,44,27,0,0,
214,211,Christian Dvorak,24,ARI,C,39,12,10,22,-4,12,2.4,6,5,1,4,8,2,0,67,17.9,735,18:51,30,30,389,334,53.8
215,212,Ryan Dzingel,28,TOT,C,25,8,4,12,-1,12,1.5,6,2,0,0,3,1,0,34,23.5,332,13:17,7,32,2,6,25.0
216,212,Ryan Dzingel,28,OTT,C,14,6,2,8,1,10,1.2,6,0,0,0,1,1,0,25,24.0,187,13:20,4,22,2,4,33.3
217,212,Ryan Dzingel,28,CAR,C,11,2,2,4,-2,2,0.3,0,2,0,0,2,0,0,9,22.2,145,13:12,3,10,0,2,0.0
218,213,Cody Eakin,29,BUF,C,36,2,4,6,-7,10,0.0,2,0,0,0,4,0,0,32,6.3,475,13:11,15,27,219,179,55.0
219,214,Jordan Eberle,30,NYI,RW,38,13,12,25,11,10,3.4,12,1,0,2,9,3,0,92,14.1,644,16:57,13,21,3,4,42.9
220,215,Alexander Edler,34,VAN,D,36,0,6,6,-8,32,0.8,0,0,0,0,6,0,0,68,0.0,754,20:57,78,63,0,0,
221,216,Joel Edmundson,27,MTL,D,35,2,8,10,30,15,3.7,2,0,0,0,8,0,0,54,3.7,696,19:54,38,61,0,0,
222,217,Nikolaj Ehlers,24,WPG,LW,39,15,23,38,15,7,4.9,11,4,0,4,17,6,0,120,12.5,659,16:54,11,16,1,0,100.0
223,218,Jack Eichel,24,BUF,C,21,2,16,18,-9,6,1.2,1,1,0,1,8,8,0,61,3.3,430,20:30,15,20,195,197,49.7
224,219,Aaron Ekblad,24,FLA,D,35,11,11,22,5,33,4.6,5,6,0,3,6,5,0,101,10.9,878,25:05,27,24,0,0,
225,220,Mattias Ekholm,30,NSH,D,32,5,10,15,9,4,3.8,5,0,0,1,7,2,1,78,6.4,724,22:38,37,14,0,0,
226,221,Oliver Ekman-Larsson,29,ARI,D,29,2,16,18,-10,14,2.1,0,2,0,0,7,9,0,53,3.8,597,20:35,15,46,0,0,
227,222,Lars Eller,31,WSH,C,26,5,9,14,-4,12,1.1,5,0,0,1,6,3,0,37,13.5,411,15:48,10,18,186,178,51.1
228,223,Ryan Ellis,30,NSH,D,21,2,7,9,-7,6,1.3,0,2,0,0,5,2,0,45,4.4,518,24:39,37,8,0,0,
229,224,Pierre Engvall,24,TOR,LW,30,3,5,8,1,10,0.5,3,0,0,0,5,0,0,43,7.0,359,11:58,9,27,81,104,43.8
230,225,Tyler Ennis,31,EDM,C,27,3,6,9,3,6,0.8,3,0,0,2,6,0,0,35,8.6,328,12:09,6,41,4,3,57.1
231,226,Mackenzie Entwistle,21,CHI,RW,1,0,0,0,0,0,0.0,0,0,0,0,0,0,0,2,0.0,6,6:03,0,3,0,0,
232,227,Loui Eriksson,35,VAN,LW,7,0,1,1,-3,2,-0.1,0,0,0,0,1,0,0,5,0.0,67,9:35,1,1,1,0,100.0
233,228,Joel Eriksson Ek,24,MIN,C,37,12,7,19,9,10,2.5,12,0,0,2,5,2,0,82,14.6,643,17:23,30,62,250,297,45.7
234,229,Adam Erne,25,DET,LW,32,8,5,13,-6,19,1.3,5,3,0,0,2,3,0,45,17.8,411,12:51,14,58,12,8,60.0
235,230,Jake Evans,24,MTL,C,32,2,5,7,5,20,0.4,1,0,1,0,4,0,1,37,5.4,364,11:22,19,60,139,145,48.9
236,231,Robby Fabbri,25,DET,C,30,10,8,18,3,16,2.3,10,0,0,5,6,2,0,58,17.2,518,17:16,17,34,83,107,43.7
237,232,Dante Fabbro,22,NSH,D,37,2,9,11,-1,23,2.2,1,1,0,1,9,0,0,57,3.5,731,19:45,56,31,0,0,
238,233,Radek Faksa,27,DAL,C,35,4,7,11,-3,18,0.5,3,0,1,0,6,1,0,60,6.7,607,17:21,30,67,269,207,56.5
239,234,Joel Farabee,20,PHI,LW,36,14,13,27,-4,10,2.9,12,2,0,1,9,4,0,79,17.7,589,16:22,12,41,1,6,14.3
240,235,Hudson Fasching,25,ARI,RW,4,0,0,0,-3,0,-0.2,0,0,0,0,0,0,0,6,0.0,38,9:35,1,3,0,0,
241,236,Jesper Fast,29,CAR,RW,32,5,11,16,-3,10,1.2,4,1,0,1,8,3,0,25,20.0,485,15:09,18,54,10,18,35.7
242,237,Justin Faulk,28,STL,D,38,5,8,13,4,19,3.0,4,1,0,1,5,2,1,85,5.9,934,24:34,57,86,0,0,
243,238,Mario Ferraro,22,SJS,D,37,1,12,13,-4,12,1.9,1,0,0,0,8,4,0,47,2.1,842,22:45,61,108,0,0,
244,239,Kevin Fiala,24,MIN,LW,34,11,10,21,-2,35,2.3,7,4,0,3,8,2,0,105,10.5,592,17:24,12,20,5,10,33.3
245,240,Valtteri Filppula,36,DET,C,22,3,3,6,-3,10,0.3,3,0,0,1,3,0,0,11,27.3,319,14:29,9,7,68,83,45.0
246,241,Christian Fischer,23,ARI,RW,35,0,2,2,-10,2,-0.8,0,0,0,0,2,0,0,28,0.0,424,12:07,19,102,8,9,47.1
247,242,Haydn Fleury,24,CAR,D,33,1,0,1,-6,6,0.2,1,0,0,0,0,0,0,48,2.1,450,13:38,40,46,0,0,
248,243,Warren Foegele,24,CAR,LW,34,8,6,14,6,14,1.8,8,0,0,0,6,0,0,52,15.4,451,13:15,10,41,12,10,54.5
249,244,Steven Fogarty,27,BUF,C,6,1,2,3,2,4,0.4,1,0,0,0,2,0,0,3,33.3,64,10:43,6,2,3,2,60.0
250,245,Marcus Foligno,29,MIN,LW,23,7,9,16,13,29,2.4,6,0,1,1,9,0,0,24,29.2,334,14:31,13,58,2,7,22.2
251,246,Nick Foligno,33,CBJ,LW,40,6,9,15,-3,26,0.9,5,1,0,0,5,1,3,67,9.0,724,18:06,34,103,107,112,48.9
252,247,Callan Foote,22,TBL,D,31,1,2,3,8,8,1.3,1,0,0,0,2,0,0,35,2.9,406,13:07,28,34,0,0,
253,248,Derek Forbort,28,WPG,D,39,1,6,7,0,35,1.5,1,0,0,0,6,0,0,47,2.1,824,21:07,88,58,0,0,
254,249,Alex Formenton,21,OTT,LW,5,2,0,2,2,0,0.4,2,0,0,0,0,0,0,6,33.3,56,11:16,3,9,0,3,0.0
255,250,Filip Forsberg,26,NSH,C,34,11,18,29,-8,14,3.1,8,3,0,3,10,8,0,116,9.5,623,18:20,13,43,3,5,37.5
256,251,Gustav Forsling,24,FLA,D,26,3,6,9,9,6,2.4,2,1,0,0,4,2,0,56,5.4,503,19:22,29,20,0,0,
257,252,Liam Foudy,20,CBJ,C,16,0,3,3,-1,6,-0.1,0,0,0,0,3,0,0,30,0.0,208,13:01,5,9,2,8,20.0
258,253,Cam Fowler,29,ANA,D,39,3,13,16,-7,12,2.6,3,0,0,0,10,3,0,58,5.2,858,22:00,29,17,0,0,
259,254,Adam Fox,22,NYR,D,36,4,29,33,11,6,5.5,2,2,0,1,12,16,1,74,5.4,889,24:42,67,11,0,1,0.0
260,255,Trent Frederic,22,BOS,C,35,4,1,5,-4,53,0.3,4,0,0,3,1,0,0,41,9.8,400,11:25,12,50,31,30,50.8
261,256,Mark Friedman,25,TOT,D,6,1,1,2,1,4,0.4,1,0,0,0,1,0,0,4,25.0,59,9:54,2,9,0,1,0.0
262,256,Mark Friedman,25,PHI,D,4,0,0,0,-2,4,-0.1,0,0,0,0,0,0,0,3,0.0,44,11:01,2,5,0,1,0.0
263,256,Mark Friedman,25,PIT,D,2,1,1,2,3,0,0.6,1,0,0,0,1,0,0,1,100.0,15,7:40,0,4,0,0,
264,257,Martin Frk,27,LAK,RW,1,0,0,0,-1,0,-0.1,0,0,0,0,0,0,0,0,,9,9:21,0,1,0,0,
265,258,Byron Froese,29,CGY,C,6,1,0,1,1,2,0.2,1,0,0,0,0,0,0,2,50.0,50,8:18,4,8,12,19,38.7
266,259,Michael Frolik,32,MTL,LW,2,0,0,0,0,0,0.0,0,0,0,0,0,0,0,3,0.0,23,11:39,0,4,0,0,
267,260,Morgan Frost,21,PHI,C,2,0,0,0,0,0,0.0,0,0,0,0,0,0,0,0,,20,10:14,0,0,10,10,50.0
268,261,Kurtis Gabriel,27,SJS,RW,11,0,0,0,1,55,-0.1,0,0,0,0,0,0,0,4,0.0,84,7:40,10,46,0,0,
269,262,Sam Gagner,31,DET,C,28,4,5,9,3,9,0.9,4,0,0,1,5,0,0,55,7.3,418,14:56,6,4,48,62,43.6
270,263,Alex Galchenyuk,26,TOT,C,17,2,3,5,-4,8,0.2,1,1,0,0,3,0,0,31,6.5,188,11:02,6,24,2,2,50.0
271,263,Alex Galchenyuk,26,TOR,C,9,1,3,4,2,2,0.4,1,0,0,0,3,0,0,14,7.1,112,12:25,5,12,2,2,50.0
272,263,Alex Galchenyuk,26,OTT,C,8,1,0,1,-6,6,-0.2,0,1,0,0,0,0,0,17,5.9,76,9:30,1,12,0,0,
273,264,Brendan Gallagher,28,MTL,RW,35,14,9,23,10,16,3.3,11,3,0,2,9,0,0,106,13.2,525,15:01,12,46,23,19,54.8
274,265,Dylan Gambrell,24,SJS,C,33,3,6,9,-3,6,0.3,3,0,0,1,6,0,0,34,8.8,527,15:58,38,50,185,247,42.8
275,266,Jake Gardiner,30,CAR,D,17,0,7,7,2,2,1.2,0,0,0,0,4,3,0,15,0.0,269,15:48,9,14,0,0,
276,267,Rhett Gardner,24,DAL,C,16,1,1,2,-4,4,-0.1,1,0,0,0,1,0,0,12,8.3,159,9:57,6,27,30,47,39.0
277,268,Conor Garland,24,ARI,RW,38,10,20,30,4,20,3.4,8,2,0,1,16,4,0,105,9.5,675,17:46,17,16,5,11,31.3
278,269,Adam Gaudette,24,VAN,C,33,4,3,7,-13,12,0.1,4,0,0,0,1,2,0,59,6.8,359,10:54,20,12,50,65,43.5
279,270,Frederick Gaudreau,27,PIT,C,9,1,3,4,2,2,0.4,1,0,0,0,2,0,1,13,7.7,121,13:29,3,6,46,47,49.5
280,271,Johnny Gaudreau,27,CGY,LW,40,13,14,27,-2,4,3.0,6,7,0,3,7,7,0,78,16.7,745,18:37,7,8,0,1,0.0
281,272,Frederik Gauthier,25,ARI,C,2,0,0,0,0,2,0.0,0,0,0,0,0,0,0,1,0.0,13,6:45,1,1,6,10,37.5
282,273,Julien Gauthier,23,NYR,RW,27,2,6,8,-3,14,0.5,2,0,0,0,6,0,0,36,5.6,266,9:50,9,50,4,4,50.0
283,274,Vladislav Gavrikov,25,CBJ,D,39,1,5,6,-7,8,1.1,1,0,0,1,5,0,0,34,2.9,753,19:18,48,52,0,0,
284,275,Glenn Gawdin,23,CGY,C,5,0,0,0,-2,0,-0.1,0,0,0,0,0,0,0,0,,28,5:42,1,9,10,11,47.6
285,276,Morgan Geekie,22,CAR,C,17,2,0,2,-5,4,-0.1,0,2,0,0,0,0,0,11,18.2,169,9:58,4,13,69,63,52.3
286,277,Nathan Gerbe,33,CBJ,C,1,0,1,1,1,2,0.1,0,0,0,0,1,0,0,1,0.0,10,9:36,1,2,0,0,
287,278,Ryan Getzlaf,35,ANA,C,36,3,12,15,-6,39,0.7,0,3,0,1,11,1,0,55,5.5,612,17:00,38,54,269,255,51.3
288,279,Dennis Gilbert,24,COL,D,3,0,0,0,0,5,0.0,0,0,0,0,0,0,0,0,,20,6:43,1,2,0,0,
289,280,Mark Giordano,37,CGY,D,40,6,11,17,-10,8,2.8,3,3,0,1,8,3,0,87,6.9,888,22:12,74,33,0,0,
290,281,Samuel Girard,22,COL,D,36,5,25,30,16,12,5.4,5,0,0,0,16,9,0,63,7.9,847,23:32,32,23,0,0,
291,282,Claude Giroux,33,PHI,C,35,11,19,30,2,10,3.1,10,1,0,1,12,7,0,84,13.1,625,17:51,2,25,311,220,58.6
292,283,Cody Glass,21,VEG,C,27,4,6,10,6,8,1.0,0,4,0,0,5,1,0,28,14.3,393,14:32,9,10,110,149,42.5
293,284,Luke Glendening,31,DET,C,38,3,8,11,2,12,0.7,3,0,0,1,8,0,0,49,6.1,559,14:43,36,48,384,218,63.8
294,285,Alex Goligoski,35,ARI,D,39,1,9,10,6,12,2.8,1,0,0,0,7,2,0,49,2.0,879,22:32,75,54,0,0,
295,286,Barclay Goodrow,27,TBL,RW,38,5,7,12,8,30,1.1,5,0,0,1,7,0,0,48,10.4,564,14:50,24,74,105,109,49.1
296,287,Shayne Gostisbehere,27,PHI,D,27,5,6,11,0,2,2.0,2,3,0,0,2,4,0,63,7.9,539,19:58,29,9,0,0,
297,288,Yanni Gourde,29,TBL,C,38,13,10,23,4,28,2.8,11,2,0,3,7,3,0,77,16.9,644,16:56,14,35,207,209,49.8
298,289,Mikael Granlund,28,NSH,C,35,8,7,15,-2,8,1.4,5,3,0,1,5,2,0,52,15.4,675,19:18,28,25,126,131,49.0
299,290,Derek Grant,30,ANA,C,32,4,5,9,-1,19,0.6,3,0,1,0,5,0,0,46,8.7,472,14:45,32,48,196,179,52.3
300,291,Tyler Graovac,27,VAN,C,2,0,0,0,-1,0,-0.1,0,0,0,0,0,0,0,1,0.0,20,9:58,0,3,3,9,25.0
301,292,Ryan Graves,25,COL,D,37,0,11,11,9,26,2.3,0,0,0,0,11,0,0,71,0.0,718,19:24,69,55,0,0,
302,293,Andy Greene,38,NYI,D,38,0,3,3,10,6,1.7,0,0,0,0,3,0,0,28,0.0,672,17:40,67,26,0,0,
303,294,Jordan Greenway,23,MIN,LW,37,5,18,23,6,40,2.2,5,0,0,0,17,1,0,57,8.8,600,16:12,18,56,15,16,48.4
304,295,Noah Gregor,22,SJS,C,15,3,0,3,-8,4,0.0,3,0,0,0,0,0,0,23,13.0,164,10:56,3,27,11,34,24.4
305,296,Mikhail Grigorenko,26,CBJ,C,19,2,5,7,-1,2,0.5,2,0,0,0,5,0,0,18,11.1,244,12:52,9,8,3,9,25.0
306,297,Rocco Grimaldi,27,NSH,C,31,8,1,9,-9,4,0.9,8,0,0,1,1,0,0,46,17.4,385,12:25,6,16,0,1,0.0
307,298,Jordan Gross,25,ARI,D,6,0,3,3,-3,2,0.2,0,0,0,0,3,0,0,10,0.0,89,14:50,8,6,0,0,
308,299,Carl Grundstrom,23,LAK,RW,33,4,3,7,-3,12,0.5,4,0,0,2,1,2,0,45,8.9,412,12:29,16,71,0,3,0.0
309,300,Matt Grzelcyk,27,BOS,D,22,3,10,13,3,12,2.6,2,1,0,0,5,5,0,57,5.3,439,19:58,21,11,0,0,
310,301,Radko Gudas,30,FLA,D,38,0,5,5,10,27,1.8,0,0,0,0,5,0,0,63,0.0,677,17:50,48,182,0,0,
311,302,Erik Gudbranson,29,OTT,D,34,1,2,3,-13,47,0.0,1,0,0,1,2,0,0,49,2.0,624,18:22,47,86,0,0,
312,303,Jake Guentzel,26,PIT,C,38,16,22,38,6,18,4.5,12,4,0,4,12,9,1,100,16.0,775,20:24,21,29,0,6,0.0
313,304,Carl Gunnarsson,34,STL,D,12,0,2,2,-2,6,0.2,0,0,0,0,2,0,0,6,0.0,173,14:26,16,9,0,0,
314,305,Denis Gurianov,23,DAL,RW,36,6,13,19,-3,19,1.5,3,3,0,1,9,4,0,88,6.8,591,16:25,10,47,0,1,0.0
315,306,Nikita Gusev,28,NJD,LW,20,2,3,5,-12,0,-0.2,2,0,0,0,2,1,0,45,4.4,271,13:32,1,2,0,0,
316,307,David Gustafsson,20,WPG,C,4,0,0,0,-1,0,-0.1,0,0,0,0,0,0,0,1,0.0,23,5:49,0,0,11,10,52.4
317,308,Erik Gustafsson,28,PHI,D,24,1,9,10,-2,0,1.2,1,0,0,0,5,4,0,25,4.0,418,17:24,20,20,0,0,
318,309,Gaetan Haas,29,EDM,F,24,2,1,3,-2,8,-0.1,2,0,0,1,1,0,0,16,12.5,279,11:36,19,24,108,128,45.8
319,310,Brandon Hagel,22,CHI,LW,36,5,9,14,-4,9,1.1,5,0,0,0,7,1,1,62,8.1,485,13:29,18,38,6,14,30.0
320,311,Carl Hagelin,32,WSH,LW,38,4,6,10,3,8,0.6,3,0,1,0,6,0,0,55,7.3,552,14:31,14,14,3,9,25.0
321,312,Robert Hagg,25,PHI,D,21,1,1,2,0,10,0.5,1,0,0,0,1,0,0,18,5.6,303,14:27,17,63,0,0,
322,313,Nicolas Hague,22,VEG,D,33,5,9,14,11,20,3.3,5,0,0,0,9,0,0,51,9.8,542,16:26,48,63,0,0,
323,314,Libor Hajek,22,NYR,D,27,1,1,2,1,8,0.7,1,0,0,1,1,0,0,24,4.2,391,14:28,26,14,0,0,
324,315,Jani Hakanpaa,28,ANA,D,39,0,1,1,1,31,1.1,0,0,0,0,1,0,0,39,0.0,727,18:38,56,159,0,0,
325,316,Micheal Haley,34,OTT,C,4,0,0,0,-1,5,-0.1,0,0,0,0,0,0,0,0,,24,6:03,0,10,0,1,0.0
326,317,Taylor Hall,29,BUF,LW,37,2,17,19,-21,24,0.5,1,1,0,0,12,5,0,88,2.3,691,18:41,11,24,2,9,18.2
327,318,Dougie Hamilton,27,CAR,D,37,4,26,30,12,31,5.4,3,0,1,1,12,14,0,123,3.3,839,22:40,40,36,0,0,
328,319,Travis Hamonic,30,VAN,D,19,0,2,2,-3,8,0.3,0,0,0,0,2,0,0,38,0.0,348,18:18,42,25,0,1,0.0
329,320,Fredrik Händemark,27,SJS,C,6,1,0,1,-1,2,0.1,1,0,0,0,0,0,0,4,25.0,61,10:05,1,12,21,24,46.7
330,321,Noah Hanifin,24,CGY,D,40,3,9,12,-2,18,2.5,3,0,0,1,7,2,0,76,3.9,809,20:13,34,27,0,0,
331,322,Joel Hanley,29,DAL,D,22,0,4,4,5,0,1.1,0,0,0,0,4,0,0,20,0.0,263,11:58,17,22,0,0,
332,323,Jansen Harkins,23,WPG,C,12,0,0,0,-3,4,-0.3,0,0,0,0,0,0,0,7,0.0,96,7:58,1,2,9,7,56.3
333,324,Ben Harpur,26,NSH,D,20,0,3,3,-3,15,0.5,0,0,0,0,3,0,0,21,0.0,339,16:57,17,20,0,0,
334,325,Scott Harrington,27,CBJ,D,6,1,2,3,0,4,0.5,1,0,0,0,1,0,1,3,33.3,89,14:47,7,5,0,0,
335,326,Ryan Hartman,26,MIN,RW,32,5,11,16,3,19,1.5,4,0,1,1,8,2,1,51,9.8,467,14:36,27,29,114,156,42.2
336,327,Garnet Hathaway,29,WSH,RW,38,4,9,13,7,31,1.2,4,0,0,0,8,0,1,41,9.8,479,12:36,22,120,6,11,35.3
337,328,Erik Haula,29,NSH,LW,35,3,8,11,-1,12,0.6,1,1,1,0,6,2,0,51,5.9,547,15:37,14,43,173,152,53.2
338,329,Jayce Hawryluk,25,VAN,C,12,1,1,2,-1,2,0.1,1,0,0,0,1,0,0,8,12.5,117,9:43,5,20,0,1,0.0
339,330,John Hayden,25,ARI,C,20,0,2,2,-4,33,-0.2,0,0,0,0,2,0,0,11,0.0,196,9:48,13,52,1,3,25.0
340,331,Kevin Hayes,28,PHI,RW,37,11,14,25,-1,10,2.3,8,3,0,2,10,4,0,85,12.9,680,18:22,6,46,160,172,48.2
341,332,Barrett Hayton,20,ARI,C,14,2,1,3,-1,0,0.3,2,0,0,0,1,0,0,10,20.0,161,11:29,3,15,40,40,50.0
342,333,Victor Hedman,30,TBL,D,38,7,29,36,11,22,6.0,6,1,0,0,10,19,0,101,6.9,970,25:31,58,39,0,0,
343,334,Danton Heinen,25,ANA,C,27,5,3,8,-5,0,0.6,4,1,0,1,3,0,0,46,10.9,397,14:41,21,21,0,3,0.0
344,335,Ville Heinola,19,WPG,D,1,0,0,0,2,0,0.2,0,0,0,0,0,0,0,1,0.0,14,14:22,1,0,0,0,
345,336,Miro Heiskanen,21,DAL,D,36,5,15,20,-1,8,3.6,4,1,0,0,8,7,0,78,6.4,899,24:59,31,28,0,0,
346,337,Darren Helm,34,DET,C,31,2,4,6,-6,8,-0.1,2,0,0,0,4,0,0,57,3.5,444,14:20,12,30,5,2,71.4
347,338,Adam Henrique,30,ANA,C,35,10,6,16,-11,11,1.5,9,1,0,2,4,1,1,63,15.9,562,16:03,27,35,229,178,56.3
348,339,Aleksi Heponiemi,22,FLA,C,3,1,0,1,0,2,0.2,1,0,0,1,0,0,0,3,33.3,28,9:27,0,0,0,0,
349,340,Tomas Hertl,27,SJS,C,31,11,13,24,-1,17,2.7,6,4,1,2,10,3,0,60,18.3,587,18:57,23,25,309,249,55.4
350,341,Thomas Hickey,31,NYI,D,5,0,2,2,5,0,0.7,0,0,0,0,2,0,0,2,0.0,81,16:16,3,10,0,0,
351,342,Matthew Highmore,24,CHI,LW,24,0,2,2,-5,6,-0.3,0,0,0,0,2,0,0,20,0.0,212,8:50,9,22,0,0,
352,343,Vinnie Hinostroza,26,FLA,C,9,0,0,0,-2,0,-0.2,0,0,0,0,0,0,0,6,0.0,89,9:50,1,3,2,8,20.0
353,344,Roope Hintz,24,DAL,LW,25,11,13,24,2,4,3.0,7,4,0,1,4,9,0,61,18.0,455,18:11,8,30,172,187,47.9
354,345,Taro Hirose,24,DET,LW,6,0,2,2,2,0,0.2,0,0,0,0,2,0,0,10,0.0,86,14:22,2,1,1,1,50.0
355,346,Nico Hischier,22,NJD,C,5,2,1,3,0,2,0.4,1,1,0,0,1,0,0,10,20.0,87,17:22,4,2,45,32,58.4
356,347,Niklas Hjalmarsson,33,ARI,D,29,0,4,4,-4,14,0.8,0,0,0,0,4,0,0,19,0.0,516,17:48,44,14,0,0,
357,348,Mike Hoffman,31,STL,C,36,9,12,21,4,6,2.3,8,1,0,2,8,4,0,78,11.5,553,15:21,9,21,4,3,57.1
358,349,Nils Hoglander,20,VAN,LW,37,7,9,16,-4,10,1.4,6,1,0,1,9,0,0,77,9.1,560,15:09,15,21,1,1,50.0
359,350,Nick Holden,33,VEG,D,15,0,2,2,5,2,0.8,0,0,0,0,2,0,0,21,0.0,235,15:40,19,24,0,0,
360,351,Justin Holl,29,TOR,D,39,2,12,14,8,19,2.8,2,0,0,1,12,0,0,35,5.7,827,21:12,53,61,0,0,
361,352,Patric Hornqvist,34,FLA,RW,35,12,15,27,1,17,3.2,5,7,0,2,12,3,0,121,9.9,581,16:36,17,59,2,8,20.0
362,353,Bo Horvat,25,VAN,C,37,14,13,27,-4,10,3.1,8,6,0,1,10,3,0,84,16.7,723,19:33,26,44,420,387,52.0
363,354,Brett Howden,22,NYR,C,29,1,4,5,-4,11,-0.2,1,0,0,0,4,0,0,21,4.8,375,12:56,22,40,108,119,47.6
364,355,Filip Hronek,23,DET,D,40,2,20,22,-13,12,2.7,2,0,0,0,11,9,0,78,2.6,942,23:33,35,49,0,0,
365,356,Jonathan Huberdeau,27,FLA,LW,39,14,28,42,-1,24,4.7,10,4,0,1,14,14,0,85,16.5,708,18:10,8,33,8,15,34.8
366,357,Jack Hughes,19,NJD,C,36,7,10,17,1,0,1.3,6,1,0,1,7,3,0,85,8.2,676,18:47,9,11,143,262,35.3
367,358,Quinn Hughes,21,VAN,D,37,2,26,28,-17,14,2.8,2,0,0,0,12,14,0,74,2.7,846,22:52,28,8,0,0,
368,359,Brad Hunt,32,MIN,D,11,1,0,1,-5,4,-0.1,1,0,0,1,0,0,0,13,7.7,130,11:50,5,4,0,0,
369,360,Dryden Hunt,25,ARI,LW,11,2,1,3,-3,4,0.2,2,0,0,0,1,0,0,15,13.3,127,11:33,4,33,1,4,20.0
370,361,Ben Hutton,27,ANA,D,31,1,3,4,-14,11,0.1,1,0,0,0,3,0,0,46,2.2,571,18:24,34,35,0,0,
371,362,Zach Hyman,28,TOR,C,37,12,14,26,18,26,3.3,9,3,0,2,12,2,0,98,12.2,726,19:37,17,62,15,32,31.9
372,363,Alex Iafallo,27,LAK,C,36,9,14,23,-1,0,2.4,6,3,0,0,10,4,0,76,11.8,723,20:05,19,20,0,4,0.0
373,364,Matt Irwin,33,BUF,D,17,0,2,2,-8,8,0.2,0,0,0,0,2,0,0,24,0.0,314,18:29,38,44,0,0,
374,365,Mark Jankowski,26,PIT,C,34,3,4,7,-1,4,0.3,3,0,0,0,4,0,0,32,9.4,380,11:11,17,28,121,146,45.3
375,366,Mattias Janmark,28,CHI,C,39,10,9,19,-16,8,1.3,5,4,1,0,6,3,0,70,14.3,660,16:56,9,21,6,10,37.5
376,367,Calle Jarnkrok,29,NSH,C,33,11,8,19,5,14,2.6,8,2,1,2,4,4,0,57,19.3,527,15:58,10,11,33,47,41.3
377,368,Tanner Jeannot,23,NSH,F,1,0,0,0,0,0,0.0,0,0,0,0,0,0,0,0,,6,6:28,1,0,0,0,
378,369,Boone Jenner,27,CBJ,C,40,8,9,17,-9,4,1.1,6,1,1,0,9,0,0,77,10.4,718,17:57,53,74,287,239,54.6
379,370,Nick Jensen,30,WSH,D,35,2,10,12,8,10,2.3,2,0,0,0,10,0,0,37,5.4,606,17:19,44,44,0,0,
380,371,Ryan Johansen,28,NSH,C,31,4,8,12,-2,14,0.8,3,1,0,0,4,4,0,45,8.9,542,17:29,14,19,281,273,50.7
381,372,Marcus Johansson,30,MIN,C,19,5,3,8,-1,4,0.8,4,1,0,2,3,0,0,27,18.5,308,16:12,8,6,19,33,36.5
382,373,Erik Johnson,32,COL,D,4,0,1,1,2,2,0.3,0,0,0,0,1,0,0,5,0.0,54,13:26,5,7,0,0,
383,374,Jack Johnson,34,NYR,D,13,1,0,1,-5,8,0.0,1,0,0,0,0,0,0,13,7.7,221,16:58,15,30,0,0,
384,375,Luke Johnson,26,MIN,C,11,0,0,0,-4,5,-0.3,0,0,0,0,0,0,0,8,0.0,106,9:36,3,23,34,30,53.1
385,376,Reese Johnson,22,CHI,F,5,0,0,0,-2,9,-0.1,0,0,0,0,0,0,0,4,0.0,40,7:57,2,22,0,1,0.0
386,377,Tyler Johnson,30,TBL,C,37,7,9,16,3,6,1.6,5,2,0,1,8,1,0,55,12.7,516,13:57,9,48,120,97,55.3
387,378,Andreas Johnsson,26,NJD,LW,36,3,5,8,2,10,0.4,2,1,0,0,5,0,0,45,6.7,489,13:34,12,24,8,14,36.4
388,379,Ross Johnston,26,NYI,LW,9,0,0,0,-3,35,-0.2,0,0,0,0,0,0,0,4,0.0,74,8:13,4,31,1,3,25.0
389,380,Henri Jokiharju,21,BUF,D,27,2,2,4,-7,2,1.0,2,0,0,0,2,0,0,29,6.9,461,17:04,27,26,0,0,
390,381,Caleb Jones,23,EDM,D,19,0,1,1,-4,4,0.0,0,0,0,0,1,0,0,14,0.0,258,13:34,22,8,0,0,
391,382,Max Jones,22,ANA,LW,29,5,4,9,-5,18,0.7,3,2,0,1,3,1,0,44,11.4,409,14:06,5,68,4,3,57.1
392,383,Seth Jones,26,CBJ,D,40,4,16,20,-12,24,2.8,3,1,0,1,11,5,0,98,4.1,1013,25:20,70,79,0,0,
393,384,Mathieu Joseph,23,TBL,RW,38,10,6,16,8,6,2.3,9,1,0,2,5,1,0,41,24.4,409,10:46,10,58,39,62,38.6
394,385,Pierre-Olivier Joseph,21,PIT,D,16,1,4,5,1,6,0.8,1,0,0,0,4,0,0,27,3.7,269,16:47,7,22,0,0,
395,386,Dakota Joshua,24,STL,C,11,1,0,1,-3,5,-0.1,1,0,0,0,0,0,0,8,12.5,96,8:43,2,19,29,25,53.7
396,387,Roman Josi,30,NSH,D,32,4,18,22,-11,14,2.9,3,1,0,2,6,11,1,95,4.2,785,24:32,49,15,0,0,
397,388,Tyson Jost,22,COL,C,36,3,5,8,7,18,0.5,3,0,0,0,5,0,0,63,4.8,494,13:43,16,31,101,111,47.6
398,389,Olli Juolevi,22,VAN,D,15,1,0,1,3,0,0.7,1,0,0,0,0,0,0,14,7.1,198,13:12,17,16,0,0,
399,390,Tomas Jurco,28,VEG,RW,1,0,0,0,-1,0,-0.1,0,0,0,0,0,0,0,1,0.0,8,7:56,0,1,0,0,
400,391,Noah Juulsen,23,FLA,D,4,0,0,0,-3,0,-0.2,0,0,0,0,0,0,0,5,0.0,48,11:58,4,9,0,0,
401,392,Nazem Kadri,30,COL,C,38,10,18,28,-5,28,2.6,7,3,0,3,12,6,0,126,7.9,644,16:57,13,25,296,267,52.6
402,393,Dominik Kahun,25,EDM,C,31,6,4,10,-1,2,0.9,6,0,0,0,4,0,0,46,13.0,406,13:05,8,10,11,13,45.8
403,394,Kaapo Kakko,19,NYR,RW,30,5,2,7,0,10,0.5,5,0,0,0,2,0,0,63,7.9,449,14:57,12,11,3,3,50.0
404,395,Arthur Kaliyev,19,LAK,RW,1,1,0,1,-1,0,0.2,1,0,0,0,0,0,0,1,100.0,15,14:42,1,0,0,0,
405,396,Wyatt Kalynuk,23,CHI,D,4,0,1,1,-3,0,-0.1,0,0,0,0,1,0,0,3,0.0,53,13:19,5,4,0,0,
406,397,David Kampf,26,CHI,C,39,0,8,8,1,18,0.0,0,0,0,0,8,0,0,48,0.0,568,14:33,10,24,271,259,51.1
407,398,Steven Kampfer,32,BOS,D,9,1,0,1,0,0,0.4,0,1,0,0,0,0,0,14,7.1,152,16:53,8,12,0,0,
408,399,Evander Kane,29,SJS,LW,37,16,17,33,-4,36,3.8,12,3,1,2,14,3,0,124,12.9,734,19:50,14,60,20,22,47.6
409,400,Patrick Kane,32,CHI,RW,39,13,36,49,5,14,5.3,10,3,0,2,22,14,0,127,10.2,867,22:14,13,10,1,2,33.3
410,401,Kasperi Kapanen,24,PIT,RW,30,7,14,21,12,5,2.5,6,1,0,3,13,1,0,48,14.6,474,15:47,6,33,0,1,0.0
411,402,Kirill Kaprizov,23,MIN,LW,37,14,17,31,8,14,3.9,11,3,0,2,16,1,0,96,14.6,683,18:28,14,14,3,16,15.8
412,403,Erik Karlsson,30,SJS,D,33,4,10,14,-3,8,2.3,2,2,0,0,6,3,1,66,6.1,772,23:24,42,11,0,0,
413,404,William Karlsson,28,VEG,C,37,10,17,27,12,0,3.1,9,1,0,3,12,5,0,73,13.7,699,18:53,22,21,344,286,54.6
414,405,David Kase,24,PHI,RW,1,0,0,0,0,0,0.0,0,0,0,0,0,0,0,0,,11,10:58,1,0,0,0,
415,406,Ondrej Kase,25,BOS,RW,2,0,0,0,0,0,0.0,0,0,0,0,0,0,0,2,0.0,19,9:21,0,0,0,0,
416,407,Zack Kassian,30,EDM,RW,21,2,3,5,-3,13,0.2,2,0,0,0,3,0,0,15,13.3,259,12:21,3,55,0,1,0.0
417,408,Martin Kaut,21,COL,RW,1,0,0,0,0,2,0.0,0,0,0,0,0,0,0,0,,6,5:50,0,0,0,0,
418,409,Duncan Keith,37,CHI,D,39,1,11,12,-2,20,2.1,1,0,0,1,6,5,0,82,1.2,919,23:34,72,22,0,0,
419,410,Clayton Keller,22,ARI,C,39,11,18,29,2,12,3.4,8,3,0,3,13,5,0,85,12.9,655,16:48,9,10,14,16,46.7
420,411,Joel Kellman,26,SJS,F,4,0,0,0,-2,4,-0.2,0,0,0,0,0,0,0,5,0.0,44,10:56,2,2,11,15,42.3
421,412,Adrian Kempe,24,LAK,LW,37,12,9,21,-11,18,2.2,8,4,0,2,1,8,0,92,13.0,623,16:51,15,31,13,22,37.1
422,413,Alexander Kerfoot,26,TOR,C,39,6,11,17,4,10,1.5,5,0,1,1,10,1,0,47,12.8,560,14:21,22,26,79,122,39.3
423,414,Tanner Kero,28,DAL,RW,20,2,3,5,-1,2,0.3,2,0,0,2,3,0,0,19,10.5,208,10:23,5,13,10,8,55.6
424,415,Phil Kessel,33,ARI,RW,39,15,13,28,-7,12,3.3,11,4,0,1,7,6,0,76,19.7,656,16:49,7,7,1,3,25.0
425,416,Jujhar Khaira,26,EDM,LW,28,3,7,10,2,40,0.9,3,0,0,2,7,0,0,31,9.7,329,11:46,13,114,121,145,45.5
426,417,Matt Kiersted,22,FLA,D,2,0,0,0,1,0,0.1,0,0,0,0,0,0,0,2,0.0,29,14:37,6,0,0,0,
427,418,Alex Killorn,31,TBL,C,38,10,13,23,5,22,2.4,8,2,0,1,9,3,1,77,13.0,698,18:21,9,39,1,2,33.3
428,419,Joel Kiviranta,24,DAL,F,19,3,4,7,3,6,0.8,2,1,0,0,4,0,0,18,16.7,232,12:13,7,26,1,4,20.0
429,420,John Klingberg,28,DAL,D,35,6,19,25,-10,19,3.4,4,2,0,1,6,13,0,75,8.0,817,23:21,33,34,0,0,
430,421,Nikolai Knyzhov,22,SJS,D,37,1,6,7,-4,35,1.0,1,0,0,1,6,0,0,27,3.7,578,15:37,36,48,0,0,
431,422,Slater Koekkoek,26,EDM,D,17,1,0,1,-7,2,-0.2,1,0,0,0,0,0,0,15,6.7,220,12:55,29,9,0,0,
432,423,Mikko Koivu,37,CBJ,C,7,1,1,2,-2,2,0.1,1,0,0,0,1,0,0,3,33.3,87,12:28,1,10,32,38,45.7
433,424,Keegan Kolesar,23,VEG,RW,32,1,8,9,-1,30,0.5,1,0,0,0,8,0,0,34,2.9,296,9:15,9,74,26,31,45.6
434,425,Leo Komarov,34,NYI,C,21,0,4,4,7,7,0.3,0,0,0,0,3,0,1,18,0.0,262,12:27,8,51,14,21,40.0
435,426,Travis Konecny,23,PHI,C,31,8,16,24,4,16,2.5,5,3,0,1,12,4,0,59,13.6,490,15:48,10,40,4,6,40.0
436,427,Anze Kopitar,33,LAK,C,37,8,32,40,-1,6,4.0,5,3,0,2,13,19,0,84,9.5,798,21:34,25,31,432,337,56.2
437,428,Jesperi Kotkaniemi,20,MTL,C,35,5,12,17,4,12,1.5,5,0,0,1,8,4,0,59,8.5,518,14:47,13,47,185,189,49.5
438,429,Vitali Kravtsov,21,NYR,RW,1,0,0,0,0,0,0.0,0,0,0,0,0,0,0,3,0.0,11,10:45,0,0,0,0,
439,430,Chris Kreider,29,NYR,LW,37,17,8,25,-2,21,3.2,8,9,0,4,7,1,0,75,22.7,663,17:55,25,81,23,33,41.1
440,431,David Krejci,34,BOS,C,31,2,21,23,4,12,2.0,0,2,0,0,12,9,0,45,4.4,544,17:32,14,16,178,142,55.6
441,432,Torey Krug,29,STL,D,38,1,18,19,5,23,3.2,0,1,0,0,12,6,0,85,1.2,875,23:02,45,39,0,0,
442,433,Dominik Kubalík,25,CHI,LW,39,12,15,27,1,18,3.2,9,3,0,1,5,10,0,108,11.1,598,15:20,7,35,0,3,0.0
443,434,Karson Kuhlman,25,BOS,C,11,2,0,2,-2,0,0.2,2,0,0,0,0,0,0,20,10.0,108,9:48,2,16,1,2,33.3
444,435,Dean Kukan,27,CBJ,D,25,1,3,4,0,6,0.9,1,0,0,0,3,0,0,18,5.6,335,13:23,30,25,0,0,
445,436,Brett Kulak,27,MTL,D,31,0,4,4,5,18,0.8,0,0,0,0,4,0,0,36,0.0,485,15:38,28,16,0,0,
446,437,Dmitry Kulikov,30,NJD,D,35,0,2,2,-3,24,0.5,0,0,0,0,2,0,0,39,0.0,687,19:38,33,66,0,0,
447,438,Luke Kunin,23,NSH,C,22,3,7,10,2,11,1.0,3,0,0,0,7,0,0,40,7.5,303,13:45,10,49,12,23,34.3
448,439,Janne Kuokkanen,22,NJD,C,31,5,11,16,4,14,1.6,4,1,0,0,9,2,0,36,13.9,433,13:58,13,8,0,4,0.0
449,440,Rasmus Kupari,20,LAK,C,3,0,0,0,-2,2,-0.1,0,0,0,0,0,0,0,2,0.0,29,9:41,1,3,11,7,61.1
450,441,Sean Kuraly,28,BOS,C,27,2,2,4,-9,10,-0.2,2,0,0,2,1,0,1,46,4.3,374,13:52,14,56,124,83,59.9
451,442,Philipp Kurashev,21,CHI,C,38,7,5,12,-11,8,0.8,5,2,0,1,3,2,0,47,14.9,478,12:35,12,13,33,58,36.3
452,443,Evgeny Kuznetsov,28,WSH,C,28,7,13,20,6,10,2.2,6,1,0,3,10,3,0,55,12.7,462,16:30,15,16,147,199,42.5
453,444,Oliver Kylington,23,CGY,D,6,0,1,1,0,0,0.2,0,0,0,0,1,0,0,4,0.0,76,12:37,1,2,0,0,
454,445,Jordan Kyrou,22,STL,C,38,10,14,24,-1,12,2.5,10,0,0,2,11,3,0,73,13.7,569,14:58,11,6,5,5,50.0
455,446,Joel L'Esperance,25,DAL,RW,9,1,0,1,-1,2,0.0,1,0,0,0,0,0,0,6,16.7,80,8:51,0,12,4,6,40.0
456,447,Kevin Labanc,25,SJS,RW,37,9,13,22,-5,20,2.1,9,0,0,1,11,2,0,92,9.8,619,16:44,12,37,0,0,
457,448,Tanner Laczynski,23,PHI,C,2,0,0,0,0,0,0.0,0,0,0,0,0,0,0,1,0.0,18,8:54,1,1,5,3,62.5
458,449,Sam Lafferty,25,PIT,C,27,0,5,5,-5,16,-0.2,0,0,0,0,5,0,0,19,0.0,265,9:50,11,73,51,47,52.0
459,450,Alexis Lafreniere,19,NYR,LW,37,5,6,11,-6,6,0.6,5,0,0,2,6,0,0,46,10.9,513,13:53,7,33,9,14,39.1
460,451,William Lagesson,24,EDM,D,17,0,2,2,1,7,0.5,0,0,0,0,2,0,0,10,0.0,240,14:08,9,12,0,0,
461,452,Patrik Laine,22,TOT,RW,31,9,8,17,-12,15,1.3,5,4,0,1,6,2,0,63,14.3,553,17:50,12,27,6,13,31.6
462,452,Patrik Laine,22,CBJ,RW,30,7,7,14,-13,11,0.8,3,4,0,0,6,1,0,60,11.7,537,17:54,11,24,5,12,29.4
463,452,Patrik Laine,22,WPG,RW,1,2,1,3,1,4,0.5,2,0,0,1,0,1,0,3,66.7,16,16:20,1,3,1,1,50.0
464,453,Juho Lammikko,25,FLA,RW,30,3,0,3,-3,4,-0.1,3,0,0,0,0,0,0,32,9.4,317,10:33,11,28,90,98,47.9
465,454,Gabriel Landeskog,28,COL,LW,36,15,22,37,11,24,4.5,8,7,0,6,18,4,0,103,14.6,714,19:49,20,53,176,128,57.9
466,455,Dylan Larkin,24,DET,C,36,7,13,20,-10,23,1.3,6,1,0,0,9,4,0,114,6.1,732,20:20,10,30,307,313,49.5
467,456,Adam Larsson,28,EDM,D,39,3,5,8,-1,18,1.6,3,0,0,0,5,0,0,34,8.8,758,19:26,106,119,0,0,
468,457,Jacob Larsson,23,ANA,D,35,0,3,3,-16,10,-0.2,0,0,0,0,2,0,1,31,0.0,593,16:57,50,23,0,0,
469,458,Johan Larsson,28,ARI,LW,37,5,4,9,-7,22,0.5,5,0,0,2,4,0,0,36,13.9,503,13:35,21,44,213,225,48.6
470,459,Scott Laughton,26,PHI,C,34,7,10,17,8,26,1.8,7,0,0,1,10,0,0,60,11.7,530,15:35,17,95,120,126,48.8
471,460,Jeremy Lauzon,23,BOS,D,21,0,3,3,-1,29,0.8,0,0,0,0,3,0,0,28,0.0,382,18:13,25,46,0,0,
472,461,Curtis Lazar,25,BUF,C,33,5,4,9,-4,0,0.7,5,0,0,1,4,0,0,35,14.3,449,13:37,16,64,107,104,50.7
473,462,Nick Leddy,29,NYI,D,38,1,24,25,2,6,3.7,0,1,0,0,16,8,0,49,2.0,815,21:26,32,34,0,0,
474,463,Anders Lee,30,NYI,LW,27,12,7,19,11,12,3.0,9,3,0,3,6,1,0,80,15.0,473,17:32,13,39,63,65,49.2
475,464,Artturi Lehkonen,25,MTL,LW,26,3,4,7,-1,4,0.3,1,0,2,0,3,0,1,43,7.0,344,13:13,11,44,4,4,50.0
476,465,Mikko Lehtonen,27,TOT,D,13,0,3,3,3,4,0.7,0,0,0,0,2,1,0,16,0.0,168,12:55,6,9,0,0,
477,465,Mikko Lehtonen,27,TOR,D,9,0,3,3,1,4,0.5,0,0,0,0,2,1,0,9,0.0,107,11:52,2,5,0,0,
478,465,Mikko Lehtonen,27,CBJ,D,4,0,0,0,2,0,0.2,0,0,0,0,0,0,0,7,0.0,61,15:15,4,4,0,0,
479,466,Josh Leivo,27,CGY,LW,32,4,2,6,-4,8,0.4,4,0,0,2,2,0,0,40,10.0,341,10:40,2,22,3,6,33.3
480,467,Brendan Lemieux,24,NYR,LW,31,2,5,7,0,59,0.4,2,0,0,1,5,0,0,31,6.5,317,10:13,14,65,4,16,20.0
481,468,John Leonard,22,SJS,LW,31,3,8,11,-3,2,0.8,2,1,0,0,8,0,0,43,7.0,368,11:52,10,16,0,1,0.0
482,469,Kris Letang,33,PIT,D,37,6,22,28,13,28,5.0,5,1,0,2,12,10,0,85,7.1,910,24:36,48,63,0,0,
483,470,Vinni Lettieri,25,ANA,C,5,0,0,0,-3,0,-0.2,0,0,0,0,0,0,0,7,0.0,64,12:43,1,9,2,3,40.0
484,471,Trevor Lewis,34,WPG,C,39,1,4,5,5,0,0.2,0,0,1,0,4,0,0,41,2.4,360,9:13,13,43,8,4,66.7
485,472,Oskar Lindblom,24,PHI,LW,31,5,5,10,-9,9,0.4,5,0,0,1,5,0,0,45,11.1,420,13:33,18,26,1,0,100.0
486,473,Esa Lindell,26,DAL,D,36,4,5,9,2,12,2.5,3,0,1,0,4,1,0,65,6.2,847,23:31,62,76,0,0,
487,474,Ryan Lindgren,22,NYR,D,37,0,12,12,8,27,2.5,0,0,0,0,11,0,1,45,0.0,731,19:46,37,62,0,0,
488,475,Elias Lindholm,26,CGY,C,40,9,24,33,4,20,3.4,6,3,0,2,13,10,1,88,10.2,807,20:10,23,46,369,330,52.8
489,476,Hampus Lindholm,27,ANA,D,18,2,4,6,-1,16,1.3,2,0,0,0,3,1,0,29,6.9,397,22:02,19,9,0,0,
490,477,Par Lindholm,29,BOS,C,1,0,0,0,0,0,0.0,0,0,0,0,0,0,0,0,,13,12:55,0,0,4,1,80.0
491,478,Blake Lizotte,23,LAK,C,31,2,3,5,-1,12,0.2,2,0,0,0,3,0,0,34,5.9,377,12:10,15,19,126,120,51.2
492,479,Ryan Lomberg,26,FLA,LW,21,1,1,2,0,16,-0.1,1,0,0,0,1,0,0,29,3.4,201,9:35,3,54,0,0,
493,480,Steven Lorentz,24,CAR,C,26,1,2,3,-2,6,-0.1,1,0,0,1,2,0,0,20,5.0,256,9:51,10,29,81,71,53.3
494,481,Adam Lowry,27,WPG,LW,39,8,12,20,2,11,1.9,8,0,0,2,10,2,0,62,12.9,616,15:48,22,111,269,284,48.6
495,482,Milan Lucic,32,CGY,LW,40,7,9,16,-11,35,1.2,5,2,0,0,9,0,0,57,12.3,544,13:36,9,112,8,15,34.8
496,483,Matt Luff,23,LAK,RW,11,1,0,1,-3,5,-0.1,1,0,0,0,0,0,0,16,6.3,113,10:16,4,7,2,3,40.0
497,484,Isac Lundestrom,21,ANA,C,32,5,3,8,-8,14,0.3,5,0,0,0,3,0,0,44,11.4,479,14:58,16,14,140,162,46.4
498,485,Eetu Luostarinen,22,FLA,C,38,3,5,8,-7,12,-0.1,3,0,0,1,5,0,0,30,10.0,529,13:55,23,48,190,200,48.7
499,486,Ilya Lyubushkin,26,ARI,D,25,0,1,1,-8,4,-0.1,0,0,0,0,1,0,0,21,0.0,375,15:00,44,60,0,0,
500,487,Olli Maatta,26,LAK,D,24,0,1,1,-6,4,0.2,0,0,0,0,1,0,0,28,0.0,396,16:29,24,27,0,0,
501,488,Kurtis MacDermid,26,LAK,D,23,2,2,4,-9,25,0.4,2,0,0,0,2,0,0,14,14.3,315,13:42,31,37,0,0,
502,489,Jacob MacDonald,27,COL,D,26,1,5,6,13,8,2.0,1,0,0,0,5,0,0,42,2.4,405,15:35,24,27,0,0,
503,490,Mackenzie MacEachern,26,STL,LW,17,1,1,2,2,4,0.1,0,0,1,0,1,0,0,21,4.8,161,9:29,2,28,1,1,50.0
504,491,Zack MacEwen,24,VAN,C,22,1,1,2,1,24,0.1,1,0,0,0,1,0,0,21,4.8,175,7:57,6,45,2,3,40.0
505,492,Ryan MacInnis,24,CBJ,C,6,0,0,0,-3,0,-0.2,0,0,0,0,0,0,0,4,0.0,60,10:01,1,11,14,18,43.8
506,493,Connor Mackey,24,CGY,D,3,0,1,1,1,6,0.2,0,0,0,0,1,0,0,1,0.0,37,12:20,0,0,0,0,
507,494,Nathan MacKinnon,25,COL,C,34,14,31,45,23,24,5.8,10,4,0,2,19,12,0,141,9.9,686,20:11,13,26,184,177,51.0
508,495,Josh Mahura,22,ANA,D,11,1,2,3,-2,4,0.5,1,0,0,0,2,0,0,12,8.3,173,15:42,7,10,0,0,
509,496,Philippe Maillet,28,WSH,F,1,0,0,0,0,0,0.0,0,0,0,0,0,0,0,1,0.0,8,8:02,0,1,2,2,50.0
510,497,Cale Makar,22,COL,D,26,4,21,25,18,6,4.8,3,1,0,2,11,10,0,62,6.5,624,23:59,17,26,0,0,
511,498,Evgeni Malkin,34,PIT,C,29,8,16,24,-2,22,2.3,4,4,0,0,13,3,0,64,12.5,525,18:07,12,17,133,179,42.6
512,499,Sean Malone,25,NSH,C,1,0,1,1,-1,2,0.1,0,0,0,0,1,0,0,1,0.0,11,10:38,0,0,4,4,50.0
513,500,Mikhail Maltsev,22,NJD,LW,22,4,0,4,-2,4,0.3,4,0,0,0,0,0,0,39,10.3,250,11:22,6,20,46,62,42.6
514,501,Andrew Mangiapane,24,CGY,LW,40,12,9,21,-5,22,2.2,10,1,1,2,7,2,0,59,20.3,677,16:56,22,37,2,11,15.4
515,502,Josh Manson,29,ANA,D,13,1,1,2,-2,10,0.4,1,0,0,1,1,0,0,12,8.3,222,17:04,20,26,0,0,
516,503,Anthony Mantha,26,DET,RW,39,10,10,20,-14,17,1.5,8,2,0,0,10,0,0,91,11.0,707,18:08,18,32,15,15,50.0
517,504,Brad Marchand,32,BOS,LW,33,17,24,41,11,32,5.6,13,3,1,1,11,11,2,81,21.0,631,19:07,9,42,6,15,28.6
518,505,Jonathan Marchessault,30,VEG,C,37,10,17,27,7,35,3.0,9,1,0,2,14,3,0,112,8.9,633,17:07,8,23,29,33,46.8
519,506,Mason Marchment,25,FLA,F,22,2,5,7,6,12,0.6,2,0,0,0,5,0,0,36,5.6,309,14:04,6,44,5,10,33.3
520,507,John Marino,23,PIT,D,34,2,5,7,3,8,1.5,2,0,0,1,4,1,0,32,6.3,747,21:58,39,37,0,0,
521,508,Patrick Marleau,41,SJS,C,37,2,4,6,-3,8,-0.1,1,1,0,0,4,0,0,37,5.4,493,13:20,10,28,84,98,46.2
522,509,Mitch Marner,23,TOR,RW,39,13,34,47,19,16,5.3,13,0,0,2,20,13,1,107,12.1,885,22:41,29,18,4,1,80.0
523,510,Pat Maroon,32,TBL,LW,38,4,11,15,4,46,1.4,2,2,0,0,9,2,0,31,12.9,441,11:37,3,50,2,9,18.2
524,511,Matt Martin,31,NYI,LW,38,6,5,11,3,23,1.2,5,1,0,0,4,1,0,50,12.0,407,10:43,17,122,2,9,18.2
525,512,Alec Martinez,33,VEG,D,37,7,15,22,16,10,5.0,5,2,0,2,11,4,0,58,12.1,847,22:53,118,27,0,0,
526,513,Jordan Martinook,28,CAR,LW,34,2,8,10,-6,18,0.3,2,0,0,1,7,0,1,42,4.8,423,12:27,16,62,75,79,48.7
527,514,Mike Matheson,26,PIT,D,30,3,6,9,5,24,1.9,3,0,0,1,5,1,0,56,5.4,564,18:48,30,29,0,0,
528,515,Stefan Matteau,26,CBJ,LW,6,0,0,0,0,2,-0.1,0,0,0,0,0,0,0,2,0.0,59,9:52,2,15,0,2,0.0
529,516,Auston Matthews,23,TOR,C,36,27,19,46,16,8,6.7,18,9,0,9,17,2,0,148,18.2,793,22:02,36,39,317,289,52.3
530,517,Scott Mayfield,28,NYI,D,38,2,10,12,3,30,2.4,2,0,0,0,10,0,0,55,3.6,742,19:32,74,54,0,0,
531,518,Gerald Mayhew,28,MIN,F,4,0,1,1,1,0,0.1,0,0,0,0,0,1,0,5,0.0,47,11:45,4,7,0,1,0.0
532,519,Charlie McAvoy,23,BOS,D,35,4,18,22,10,26,4.8,4,0,0,0,12,5,1,68,5.9,853,24:23,61,40,0,0,
533,520,Jake McCabe,27,BUF,D,13,1,2,3,2,9,1.1,1,0,0,0,2,0,0,15,6.7,249,19:11,15,22,0,0,
534,521,Jared McCann,24,PIT,C,25,9,8,17,11,4,2.6,5,4,0,2,7,1,0,52,17.3,334,13:22,9,21,41,59,41.0
535,522,Michael McCarron,25,NSH,RW,4,0,0,0,0,6,-0.1,0,0,0,0,0,0,0,2,0.0,41,10:12,0,8,10,22,31.3
536,523,Max McCormick,28,CAR,LW,2,0,0,0,0,0,0.0,0,0,0,0,0,0,0,1,0.0,9,4:18,0,5,0,0,
537,524,Connor McDavid,24,EDM,C,39,22,42,64,11,16,7.9,14,8,0,7,26,16,0,142,15.5,878,22:30,15,46,230,228,50.2
538,525,Ryan McDonagh,31,TBL,D,34,2,6,8,9,12,2.3,2,0,0,0,6,0,0,52,3.8,751,22:05,67,45,0,0,
539,526,Brock McGinn,26,CAR,LW,37,8,5,13,0,6,1.2,7,0,1,1,5,0,0,58,13.8,554,14:59,12,44,3,11,21.4
540,527,Greg McKegg,28,BOS,C,4,1,0,1,-2,2,0.1,1,0,0,0,0,0,0,4,25.0,36,9:01,1,7,17,9,65.4
541,528,Michael McLeod,22,NJD,C,32,6,2,8,-4,18,0.6,6,0,0,1,2,0,0,36,16.7,401,12:31,10,49,176,162,52.1
542,529,Connor McMichael,20,WSH,C,1,0,0,0,0,2,0.0,0,0,0,0,0,0,0,1,0.0,10,9:54,0,0,1,0,100.0
543,530,Brayden McNabb,30,VEG,D,22,1,2,3,-2,8,0.6,1,0,0,0,2,0,0,18,5.6,421,19:08,43,52,0,0,
544,531,Jayson Megna,30,COL,C,4,0,0,0,0,0,-0.1,0,0,0,0,0,0,0,5,0.0,40,10:03,2,8,11,10,52.4
545,532,Timo Meier,24,SJS,RW,35,7,15,22,-1,12,2.1,6,1,0,0,7,8,0,103,6.8,567,16:13,16,50,4,14,22.2
546,533,Nicolas Meloche,23,SJS,D,5,0,1,1,2,0,0.3,0,0,0,0,1,0,0,3,0.0,50,10:05,4,4,0,0,
547,534,Nicholas Merkley,23,NJD,RW,12,2,4,6,1,0,0.6,2,0,0,0,4,0,0,24,8.3,148,12:22,2,17,1,4,20.0
548,535,Dakota Mermis,27,MIN,D,2,0,0,0,3,0,0.3,0,0,0,0,0,0,0,2,0.0,33,16:35,4,8,0,0,
549,536,Jonathon Merrill,28,DET,D,34,0,4,4,3,12,1.5,0,0,0,0,4,0,0,31,0.0,670,19:43,56,23,0,0,
550,537,Victor Mete,22,MTL,D,12,0,3,3,5,6,0.7,0,0,0,0,3,0,0,7,0.0,176,14:38,9,8,0,0,
551,538,Marc Michaelis,25,VAN,F,6,0,0,0,-3,2,-0.2,0,0,0,0,0,0,0,1,0.0,61,10:12,4,6,1,0,100.0
552,539,Jacob Middleton,25,SJS,D,1,0,0,0,-2,2,-0.2,0,0,0,0,0,0,0,1,0.0,9,8:44,1,2,0,0,
553,540,Ilya Mikheyev,26,TOR,F,39,5,6,11,0,6,0.6,5,0,0,2,5,0,1,80,6.3,548,14:03,22,39,2,0,100.0
554,541,Niko Mikkola,24,STL,D,20,1,0,1,-8,6,-0.2,1,0,0,0,0,0,0,15,6.7,266,13:18,23,23,0,0,
555,542,Sonny Milano,24,ANA,LW,6,0,0,0,0,0,-0.1,0,0,0,0,0,0,0,8,0.0,88,14:44,0,4,0,0,
556,543,Colin Miller,28,BUF,D,35,3,3,6,-18,23,0.7,2,1,0,0,1,2,0,41,7.3,643,18:23,36,72,0,0,
557,544,J.T. Miller,27,VAN,C,34,9,20,29,-5,23,2.7,7,2,0,4,8,12,0,63,14.3,721,21:13,16,71,149,117,56.0
558,545,K'Andre Miller,21,NYR,D,34,3,5,8,13,12,2.8,3,0,0,1,4,0,1,34,8.8,704,20:43,46,60,0,0,
559,546,Kevan Miller,33,BOS,D,15,0,2,2,0,9,0.6,0,0,0,0,2,0,0,14,0.0,280,18:39,11,32,0,0,
560,547,Ian Mitchell,22,CHI,D,32,2,2,4,-7,10,0.6,2,0,0,0,2,0,0,21,9.5,489,15:16,30,16,0,0,
561,548,Casey Mittelstadt,22,BUF,C,22,3,5,8,-12,6,0.3,2,1,0,0,4,1,0,23,13.0,315,14:19,7,4,64,72,47.1
562,549,Sean Monahan,26,CGY,C,38,7,16,23,-6,10,1.9,3,4,0,3,12,4,0,85,8.2,695,18:17,17,39,261,280,48.2
563,550,Brandon Montour,26,BUF,D,35,4,8,12,-12,22,2.1,2,0,2,0,8,0,0,65,6.2,725,20:43,48,33,0,0,
564,551,John Moore,30,BOS,D,5,0,2,2,-3,2,0.1,0,0,0,0,1,1,0,8,0.0,105,20:59,6,9,0,0,
565,552,Trevor Moore,25,LAK,LW,37,5,9,14,1,14,1.4,3,0,2,0,9,0,0,58,8.6,508,13:44,6,23,3,2,60.0
566,553,Samuel Morin,25,PHI,D,10,1,0,1,-4,16,0.0,1,0,0,1,0,0,0,8,12.5,97,9:42,3,18,0,0,
567,554,Josh Morrissey,25,WPG,D,39,2,15,17,1,10,2.8,1,1,0,0,8,7,0,81,2.5,924,23:42,54,49,0,0,
568,555,Tyler Motte,25,VAN,C,20,6,1,7,-3,14,0.8,6,0,0,1,1,0,0,38,15.8,324,16:13,26,88,12,20,37.5
569,556,Connor Murphy,27,CHI,D,33,2,9,11,2,16,2.3,2,0,0,1,8,0,1,48,4.2,727,22:02,77,71,0,0,
570,557,Ryan Murray,27,NJD,D,28,0,10,10,6,6,1.9,0,0,0,0,10,0,0,15,0.0,500,17:51,38,25,0,0,
571,558,Jake Muzzin,31,TOR,D,37,2,15,17,14,25,3.5,1,0,1,0,14,1,0,69,2.9,793,21:26,63,65,0,0,
572,559,Philippe Myers,24,PHI,D,29,0,6,6,-15,12,-0.2,0,0,0,0,6,0,0,52,0.0,554,19:06,31,41,0,0,
573,560,Tyler Myers,30,VAN,D,37,4,10,14,-5,41,2.4,3,0,1,2,6,3,1,73,5.5,812,21:57,52,36,0,0,
574,561,Vladislav Namestnikov,28,DET,C,38,6,7,13,-2,16,1.0,6,0,0,0,7,0,0,66,9.1,614,16:09,25,52,108,151,41.7
575,562,Riley Nash,31,CBJ,C,37,2,5,7,-1,4,0.2,2,0,0,1,5,0,0,40,5.0,466,12:36,21,33,162,164,49.7
576,563,James Neal,33,EDM,LW,17,3,3,6,-1,7,0.5,2,1,0,0,2,1,0,32,9.4,208,12:14,1,14,2,4,33.3
577,564,Martin Necas,22,CAR,C,34,9,19,28,16,8,3.5,5,4,0,3,13,6,0,79,11.4,599,17:37,23,24,26,27,49.1
578,565,Brock Nelson,29,NYI,C,38,13,9,22,-3,8,2.5,7,6,0,1,9,0,0,82,15.9,676,17:47,17,25,237,240,49.7
579,566,Patrik Nemeth,28,DET,D,39,2,6,8,-1,14,1.9,2,0,0,0,6,0,0,46,4.3,718,18:24,47,65,0,0,
580,567,Nikita Nesterov,27,CGY,D,30,0,3,3,-8,16,0.3,0,0,0,0,3,0,0,28,0.0,463,15:26,21,29,0,0,
581,568,Valeri Nichushkin,25,COL,RW,37,8,9,17,10,4,2.1,7,0,1,3,8,1,0,69,11.6,495,13:23,19,41,0,2,0.0
582,569,Nino Niederreiter,28,CAR,RW,37,14,9,23,16,21,3.5,11,3,0,4,8,1,0,85,16.5,582,15:43,11,40,0,4,0.0
583,570,Frans Nielsen,36,DET,C,25,1,5,6,-1,0,0.2,1,0,0,0,5,0,0,18,5.6,310,12:25,11,23,19,15,55.9
584,571,Matthew Nieto,28,SJS,LW,28,5,2,7,-5,4,0.4,5,0,0,0,2,0,0,45,11.1,392,14:00,19,25,4,3,57.1
585,572,Sami Niku,24,WPG,D,6,0,0,0,-3,8,-0.2,0,0,0,0,0,0,0,2,0.0,78,12:58,7,0,0,0,
586,573,Stefan Noesen,27,SJS,RW,5,0,0,0,0,2,-0.1,0,0,0,0,0,0,0,5,0.0,48,9:32,0,4,1,3,25.0
587,574,Joakim Nordstrom,28,CGY,C,29,1,1,2,-3,6,-0.3,1,0,0,0,1,0,0,30,3.3,309,10:40,19,53,4,8,33.3
588,575,Joshua Norris,21,OTT,C,39,9,11,20,-9,6,1.6,6,3,0,0,6,5,0,71,12.7,626,16:03,20,48,259,229,53.1
589,576,Tomas Nosek,28,VEG,C,29,6,7,13,3,8,1.4,6,0,0,1,6,1,0,42,14.3,382,13:11,14,42,155,145,51.7
590,577,Ryan Nugent-Hopkins,27,EDM,C,39,12,16,28,-2,16,2.7,6,6,0,1,6,10,0,104,11.5,821,21:03,20,22,44,57,43.6
591,578,Darnell Nurse,25,EDM,D,39,13,15,28,18,40,6.5,12,1,0,2,11,4,0,102,12.7,1003,25:43,68,85,0,0,
592,579,Markus Nutivaara,26,FLA,D,15,0,3,3,-7,10,-0.1,0,0,0,0,3,0,0,15,0.0,209,13:54,7,15,0,0,
593,580,Joakim Nygard,28,EDM,F,6,0,0,0,-1,4,-0.1,0,0,0,0,0,0,0,2,0.0,52,8:40,0,1,0,0,
594,581,William Nylander,24,TOR,C,39,13,17,30,11,8,3.7,10,3,0,2,12,5,0,96,13.5,639,16:23,14,11,13,10,56.5
595,582,Liam O'Brien,26,COL,C,3,0,1,1,1,7,0.1,0,0,0,0,1,0,0,2,0.0,19,6:22,0,8,0,0,
596,583,Drew O'Connor,22,PIT,F,10,0,1,1,-2,2,-0.1,0,0,0,0,1,0,0,8,0.0,90,8:57,2,6,1,1,50.0
597,584,Logan O'Connor,24,COL,RW,22,3,2,5,6,6,0.6,3,0,0,0,2,0,0,37,8.1,241,10:56,12,29,2,2,50.0
598,585,Ryan O'Reilly,29,STL,C,38,13,21,34,11,16,3.9,10,3,0,2,17,4,0,85,15.3,802,21:06,15,18,503,347,59.2
599,586,Jordan Oesterle,28,ARI,D,37,1,10,11,-4,10,1.8,0,1,0,0,7,3,0,30,3.3,687,18:34,58,43,0,0,
600,587,Kyle Okposo,32,BUF,RW,29,2,8,10,-3,0,0.6,1,0,1,0,7,0,1,36,5.6,400,13:47,9,24,13,13,50.0
601,588,Jamie Oleksiak,28,DAL,D,36,3,5,8,2,27,2.2,3,0,0,2,5,0,0,46,6.5,720,19:59,48,90,0,0,
602,589,Mathieu Olivier,23,NSH,F,27,3,2,5,-2,51,0.3,2,1,0,0,2,0,0,24,12.5,291,10:47,16,57,4,4,50.0
603,590,Victor Olofsson,25,BUF,RW,37,10,12,22,-19,4,1.8,4,6,0,0,6,6,0,84,11.9,636,17:12,6,10,1,1,50.0
604,591,Dmitry Orlov,29,WSH,D,33,5,5,10,4,12,2.0,5,0,0,2,5,0,0,48,10.4,629,19:04,37,57,0,0,
605,592,T.J. Oshie,34,WSH,C,37,11,16,27,-3,16,2.7,4,7,0,1,13,3,0,72,15.3,669,18:05,23,55,110,107,50.7
606,593,Xavier Ouellet,27,MTL,D,3,0,0,0,-2,2,-0.2,0,0,0,0,0,0,0,2,0.0,40,13:23,4,6,0,0,
607,594,Alex Ovechkin,35,WSH,LW,34,19,15,34,-1,10,4.3,14,5,0,6,9,6,0,134,14.2,680,20:00,20,74,0,2,0.0
608,595,Max Pacioretty,32,VEG,LW,35,18,16,34,11,10,4.7,14,4,0,5,14,2,0,137,13.1,627,17:54,20,26,13,21,38.2
609,596,Jean-Gabriel Pageau,28,NYI,C,37,11,12,23,8,8,2.9,5,4,2,3,9,3,0,60,18.3,628,16:59,37,78,319,245,56.6
610,597,Ondrej Palat,29,TBL,LW,38,12,21,33,4,12,3.7,5,7,0,4,12,9,0,79,15.2,663,17:26,33,60,0,0,
611,598,Kyle Palmieri,29,NJD,RW,34,8,9,17,-2,18,1.5,6,1,1,2,5,4,0,84,9.5,605,17:47,10,37,6,11,35.3
612,599,Artemi Panarin,29,NYR,LW,26,11,25,36,10,2,4.5,7,4,0,0,18,7,0,78,14.1,529,20:20,3,10,0,2,0.0
613,600,Richard Panik,29,WSH,RW,36,3,6,9,-9,16,0.1,2,1,0,0,6,0,0,40,7.5,418,11:36,16,53,6,8,42.9
614,601,Cedric Paquette,27,TOT,C,34,4,2,6,-11,12,0.1,4,0,0,0,2,0,0,21,19.0,307,9:01,16,107,30,41,42.3
615,601,Cedric Paquette,27,CAR,C,25,3,2,5,-3,8,0.4,3,0,0,0,2,0,0,17,17.6,214,8:34,8,80,18,25,41.9
616,601,Cedric Paquette,27,OTT,C,9,1,0,1,-8,4,-0.3,1,0,0,0,0,0,0,4,25.0,92,10:15,8,27,12,16,42.9
617,602,Colton Parayko,27,STL,D,17,1,7,8,-2,12,1.1,1,0,0,0,7,0,0,32,3.1,374,22:00,35,20,0,0,
618,603,Zach Parise,36,MIN,LW,29,3,9,12,1,6,0.8,3,0,0,1,7,2,0,59,5.1,452,15:35,14,8,34,45,43.0
619,604,David Pastrnak,24,BOS,RW,28,16,15,31,3,16,4.3,10,6,0,2,10,5,0,115,13.9,550,19:39,10,22,2,3,40.0
620,605,Greg Pateryn,30,TOT,D,11,0,2,2,-1,4,0.2,0,0,0,0,2,0,0,10,0.0,153,13:53,16,11,0,0,
621,605,Greg Pateryn,30,COL,D,8,0,0,0,-2,4,-0.1,0,0,0,0,0,0,0,9,0.0,115,14:22,15,8,0,0,
622,605,Greg Pateryn,30,MIN,D,3,0,2,2,1,0,0.3,0,0,0,0,2,0,0,1,0.0,38,12:36,1,3,0,0,
623,606,Nolan Patrick,22,PHI,C,36,4,3,7,-19,16,-0.6,2,2,0,0,3,0,0,36,11.1,500,13:54,13,31,145,136,51.6
624,607,Nick Paul,25,OTT,LW,39,3,10,13,0,10,0.6,2,0,1,0,8,1,1,75,4.0,628,16:06,23,53,166,143,53.7
625,608,Joe Pavelski,36,DAL,C,36,15,19,34,11,8,4.4,4,11,0,2,13,6,0,77,19.5,716,19:53,25,50,250,243,50.7
626,609,Tanner Pearson,28,VAN,LW,33,6,5,11,-7,24,0.7,5,1,0,0,4,1,0,74,8.1,546,16:33,17,40,5,6,45.5
627,610,Matthew Peca,27,OTT,C,5,0,1,1,1,0,0.1,0,0,0,0,1,0,0,3,0.0,44,8:53,3,9,0,5,0.0
628,611,Lane Pederson,23,ARI,F,2,1,0,1,-2,0,0.1,1,0,0,0,0,0,0,2,50.0,22,11:07,0,10,0,1,0.0
629,612,Andrew Peeke,22,CBJ,D,6,0,2,2,-3,0,0.1,0,0,0,0,2,0,0,4,0.0,99,16:31,7,18,0,0,
630,613,Adam Pelech,26,NYI,D,38,2,8,10,11,18,2.9,2,0,0,0,7,0,1,58,3.4,792,20:50,48,33,0,0,
631,614,Mathieu Perreault,33,WPG,C,39,7,6,13,9,12,1.7,6,1,0,0,5,1,0,43,16.3,430,11:02,15,45,4,7,36.4
632,615,David Perron,32,STL,LW,38,13,24,37,-3,20,3.8,8,5,0,2,14,10,0,106,12.3,712,18:45,14,22,0,6,0.0
633,616,Corey Perry,35,MTL,RW,28,7,7,14,8,18,1.8,6,1,0,1,4,3,0,38,18.4,357,12:45,7,32,0,3,0.0
634,617,Brett Pesce,26,CAR,D,37,3,17,20,7,16,3.9,2,1,0,0,14,3,0,62,4.8,847,22:54,52,12,0,0,
635,618,Nic Petan,25,TOR,C,7,0,1,1,-2,4,-0.1,0,0,0,0,1,0,0,8,0.0,72,10:17,2,6,0,0,
636,619,Jeff Petry,33,MTL,D,35,11,17,28,11,12,5.1,7,4,0,2,8,8,1,87,12.6,791,22:37,39,59,0,0,
637,620,Elias Pettersson,22,VAN,C,26,10,11,21,0,6,2.6,6,4,0,1,9,1,1,63,15.9,483,18:34,9,11,63,77,45.0
638,621,Marcus Pettersson,24,PIT,D,29,1,3,4,4,14,1.0,1,0,0,0,3,0,0,27,3.7,487,16:47,27,35,0,0,
639,622,Alex Pietrangelo,31,VEG,D,22,2,9,11,8,4,2.4,2,0,0,0,7,2,0,66,3.0,561,25:29,53,16,0,0,
640,623,Brian Pinho,25,WSH,C,2,0,0,0,-2,0,-0.1,0,0,0,0,0,0,0,3,0.0,16,7:49,1,1,8,6,57.1
641,624,Neal Pionk,25,WPG,D,39,3,21,24,0,16,3.5,2,1,0,0,14,7,0,67,4.5,869,22:17,57,97,0,0,
642,625,Brandon Pirri,29,CHI,C,1,0,0,0,-2,0,-0.1,0,0,0,0,0,0,0,2,0.0,11,11:29,0,0,0,1,0.0
643,626,Rem Pitlick,23,NSH,C,4,0,0,0,1,4,0.0,0,0,0,0,0,0,0,4,0.0,51,12:45,0,5,13,18,41.9
644,627,Tyler Pitlick,29,ARI,C,33,6,5,11,0,14,1.0,5,0,1,0,4,1,0,50,12.0,556,16:51,35,72,6,9,40.0
645,628,Austin Poganski,24,STL,RW,5,0,0,0,-1,0,-0.1,0,0,0,0,0,0,0,0,,38,7:34,2,8,0,0,
646,629,Brayden Point,24,TBL,C,38,16,17,33,8,11,4.2,12,4,0,5,10,7,0,95,16.8,703,18:30,14,16,142,172,45.2
647,630,Tucker Poolman,27,WPG,D,25,0,1,1,4,2,0.8,0,0,0,0,1,0,0,31,0.0,449,17:56,34,31,0,0,
648,631,Nate Prosser,34,PHI,D,6,1,1,2,-7,0,-0.2,1,0,0,0,1,0,0,5,20.0,78,13:03,10,3,0,0,
649,632,Ivan Provorov,24,PHI,D,37,6,14,20,4,10,3.6,6,0,0,2,6,8,0,84,7.1,931,25:09,71,48,0,0,
650,633,Jesse Puljujarvi,22,EDM,RW,38,8,6,14,0,16,1.3,6,2,0,0,4,2,0,84,9.5,563,14:49,9,76,0,3,0.0
651,634,Ryan Pulock,26,NYI,D,38,0,12,12,11,4,3.0,0,0,0,0,11,1,0,81,0.0,852,22:25,68,68,0,0,
652,635,Mark Pysyk,29,DAL,D,24,1,1,2,5,16,1.1,1,0,0,0,1,0,0,25,4.0,293,12:12,9,23,0,0,
653,636,Alexander Radulov,34,DAL,RW,11,4,8,12,9,6,1.7,3,1,0,0,3,5,0,25,16.0,196,17:47,5,4,1,1,50.0
654,637,Brogan Rafferty,25,VAN,D,1,0,1,1,-1,0,0.0,0,0,0,0,1,0,0,1,0.0,14,13:58,1,1,0,0,
655,638,Michael Raffl,32,PHI,LW,31,3,5,8,-5,26,0.2,3,0,0,2,5,0,0,28,10.7,399,12:52,21,44,11,16,40.7
656,639,Rickard Rakell,27,ANA,RW,36,7,15,22,-8,8,1.8,7,0,0,1,11,4,0,107,6.5,653,18:08,10,50,3,9,25.0
657,640,Mikko Rantanen,24,COL,RW,38,21,23,44,20,20,6.2,15,6,0,5,14,9,0,128,16.4,753,19:49,15,18,25,22,53.2
658,641,Victor Rask,27,MIN,C,35,7,5,12,5,0,1.4,6,1,0,0,4,1,0,31,22.6,479,13:41,6,12,143,173,45.3
659,642,Michael Rasmussen,21,DET,C,24,2,5,7,-5,18,0.3,2,0,0,1,4,1,0,35,5.7,322,13:24,14,43,62,78,44.3
660,643,Kyle Rau,28,MIN,C,10,0,1,1,-2,7,-0.1,0,0,0,0,1,0,0,15,0.0,85,8:33,10,12,0,0,
661,644,Ryan Reaves,34,VEG,RW,34,1,2,3,-1,22,-0.2,1,0,0,0,2,0,0,22,4.5,333,9:48,14,132,3,9,25.0
662,645,Mike Reilly,27,OTT,D,37,0,17,17,-3,18,2.2,0,0,0,0,13,4,0,61,0.0,686,18:33,33,46,0,0,
663,646,Sam Reinhart,25,BUF,C,35,13,11,24,-21,6,2.2,7,6,0,2,7,4,0,75,17.3,686,19:35,12,14,24,35,40.7
664,647,Sheldon Rempal,25,CAR,RW,3,0,0,0,0,0,0.0,0,0,0,0,0,0,0,3,0.0,25,8:18,3,0,0,1,0.0
665,648,Dan Renouf,26,COL,D,16,0,3,3,0,14,0.4,0,0,0,0,3,0,0,11,0.0,164,10:14,3,20,0,0,
666,649,Tarmo Reunanen,22,NYR,D,1,0,1,1,1,0,0.2,0,0,0,0,1,0,0,1,0.0,9,8:57,0,0,0,0,
667,650,Brad Richardson,35,NSH,C,12,1,2,3,0,2,0.2,1,0,0,1,2,0,0,10,10.0,147,12:17,7,11,68,57,54.4
668,651,Tobias Rieder,28,BUF,C,30,5,1,6,-2,0,0.6,5,0,0,0,1,0,0,43,11.6,382,12:44,26,16,1,3,25.0
669,652,Morgan Rielly,26,TOR,D,39,4,23,27,14,12,4.9,3,1,0,1,12,10,1,72,5.6,931,23:52,41,45,0,0,
670,653,Juuso Riikola,27,PIT,D,2,0,0,0,0,0,0.0,0,0,0,0,0,0,0,1,0.0,23,11:26,1,5,0,0,
671,654,Zac Rinaldo,30,CGY,C,4,0,0,0,-1,5,-0.1,0,0,0,0,0,0,0,1,0.0,23,5:50,0,13,0,0,
672,655,Rasmus Ristolainen,26,BUF,D,30,3,7,10,-12,24,1.7,2,1,0,0,4,3,0,52,5.8,680,22:40,35,112,0,0,
673,656,Brett Ritchie,27,CGY,RW,16,1,2,3,-7,13,-0.1,1,0,0,0,2,0,0,18,5.6,189,11:49,2,63,2,6,25.0
674,657,Nick Ritchie,25,BOS,LW,35,10,10,20,-7,19,2.1,5,5,0,1,6,4,0,83,12.0,567,16:13,10,62,0,3,0.0
675,658,Jason Robertson,21,DAL,LW,31,8,16,24,6,8,2.7,7,1,0,1,14,2,0,70,11.4,497,16:02,8,7,4,2,66.7
676,659,Nicholas Robertson,19,TOR,LW,1,0,0,0,0,0,0.0,0,0,0,0,0,0,0,1,0.0,2,2:20,0,0,0,0,
677,660,Buddy Robinson,29,CGY,RW,4,0,0,0,-1,0,-0.1,0,0,0,0,0,0,0,1,0.0,26,6:23,0,4,0,1,0.0
678,661,Eric Robinson,25,CBJ,LW,40,5,6,11,5,2,1.1,5,0,0,2,6,0,0,56,8.9,458,11:27,11,72,1,2,33.3
679,662,Evan Rodrigues,27,PIT,C,22,4,4,8,0,2,0.6,4,0,0,0,4,0,0,41,9.8,336,15:16,6,15,34,49,41.0
680,663,Alexander Romanov,21,MTL,D,34,1,4,5,9,12,1.4,1,0,0,0,3,1,0,57,1.8,593,17:26,37,91,0,0,
681,664,Kevin Rooney,27,NYR,C,35,5,5,10,1,25,0.9,4,0,1,0,5,0,0,33,15.2,427,12:13,24,73,134,165,44.8
682,665,Jack Roslovic,24,CBJ,C,32,6,16,22,-6,8,1.8,4,2,0,1,12,4,0,51,11.8,537,16:46,18,23,118,209,36.1
683,666,Antoine Roussel,31,VAN,LW,33,1,3,4,4,37,0.1,1,0,0,0,2,0,1,25,4.0,383,11:37,16,62,1,2,33.3
684,667,Carter Rowney,31,ANA,RW,19,0,6,6,-2,2,0.1,0,0,0,0,6,0,0,10,0.0,271,14:17,21,45,8,6,57.1
685,668,Matt Roy,25,LAK,D,30,2,7,9,3,4,2.3,2,0,0,0,6,1,0,46,4.3,592,19:44,43,41,0,0,
686,669,Nicolas Roy,23,VEG,C,34,1,5,6,5,10,0.1,1,0,0,0,5,0,0,27,3.7,446,13:06,17,31,85,94,47.5
687,670,Chad Ruhwedel,30,PIT,D,16,0,2,2,3,14,0.5,0,0,0,0,2,0,0,14,0.0,237,14:49,13,28,0,0,
688,671,Kris Russell,33,EDM,D,28,0,7,7,2,8,1.3,0,0,0,0,7,0,0,33,0.0,520,18:35,60,31,0,0,
689,672,Patrick Russell,28,EDM,RW,7,0,2,2,1,0,0.1,0,0,0,0,2,0,0,10,0.0,75,10:39,0,13,0,2,0.0
690,673,Bryan Rust,28,PIT,RW,38,14,14,28,6,10,3.2,10,4,0,3,11,3,0,114,12.3,754,19:51,17,40,3,2,60.0
691,674,Jan Rutta,30,TBL,D,33,0,8,8,13,16,2.2,0,0,0,0,6,0,2,46,0.0,529,16:02,28,28,0,0,
692,675,Bobby Ryan,33,DET,LW,33,7,7,14,-14,27,0.9,6,1,0,0,5,2,0,73,9.6,506,15:19,17,31,5,11,31.3
693,676,Derek Ryan,34,CGY,C,27,2,4,6,0,8,0.4,2,0,0,0,4,0,0,22,9.1,304,11:16,14,10,97,73,57.1
694,677,Brandon Saad,28,COL,LW,37,12,9,21,-1,10,2.4,10,2,0,0,8,1,0,57,21.1,528,14:17,10,13,24,28,46.2
695,678,Rasmus Sandin,20,TOR,D,1,0,1,1,1,0,0.2,0,0,0,0,1,0,0,1,0.0,5,5:00,0,3,0,0,
696,679,Zach Sanford,26,STL,LW,36,8,5,13,-10,23,0.8,4,3,1,3,4,0,1,55,14.5,554,15:23,32,43,13,23,36.1
697,680,Travis Sanheim,24,PHI,D,36,2,9,11,-14,14,0.7,2,0,0,1,9,0,0,52,3.8,781,21:42,45,31,0,0,
698,681,David Savard,30,CBJ,D,39,1,5,6,-19,24,0.2,1,0,0,1,4,0,1,48,2.1,764,19:36,87,92,0,0,
699,682,Luca Sbisa,31,NSH,D,1,0,0,0,0,0,0.0,0,0,0,0,0,0,0,0,,12,11:58,2,3,0,0,
700,683,Marco Scandella,30,STL,D,31,2,3,5,6,16,1.7,2,0,0,1,2,0,1,35,5.7,614,19:49,38,36,0,0,
701,684,Colton Sceviour,31,PIT,C,28,2,2,4,-3,0,0.0,2,0,0,0,2,0,0,28,7.1,259,9:15,13,36,5,7,41.7
702,685,Mark Scheifele,27,WPG,C,39,15,30,45,-4,12,4.6,12,3,0,3,20,10,0,85,17.6,828,21:13,29,19,239,254,48.5
703,686,Brayden Schenn,29,STL,C,38,12,14,26,-3,23,2.5,9,3,0,0,11,3,0,84,14.3,746,19:38,20,81,245,231,51.5
704,687,Luke Schenn,31,TBL,D,23,0,2,2,-3,23,0.1,0,0,0,0,2,0,0,24,0.0,247,10:44,14,62,0,0,
705,688,Nick Schmaltz,24,ARI,C,39,9,15,24,-1,14,2.5,7,2,0,1,12,3,0,86,10.5,666,17:04,18,11,160,237,40.3
706,689,Nate Schmidt,29,VAN,D,37,3,8,11,-1,2,2.2,3,0,0,1,8,0,0,56,5.4,750,20:16,48,11,0,0,
707,690,Justin Schultz,30,WSH,D,34,2,16,18,12,6,3.2,2,0,0,1,10,6,0,50,4.0,651,19:09,35,17,0,0,
708,691,Jaden Schwartz,28,STL,C,23,2,9,11,3,12,0.7,2,0,0,0,8,1,0,42,4.8,424,18:27,11,23,6,2,75.0
709,692,Andrej Sekera,34,DAL,D,28,2,2,4,7,4,1.7,2,0,0,0,2,0,0,20,10.0,428,15:18,38,21,0,0,
710,693,Zachary Senyshyn,23,BOS,RW,7,0,0,0,-1,2,-0.1,0,0,0,0,0,0,0,9,0.0,68,9:47,0,11,0,0,
711,694,Mikhail Sergachev,22,TBL,D,38,2,20,22,6,18,3.6,2,0,0,0,14,6,0,78,2.6,846,22:15,55,46,0,0,
712,695,Damon Severson,26,NJD,D,36,2,10,12,-7,18,1.5,2,0,0,0,7,2,1,61,3.3,817,22:42,26,44,0,0,
713,696,Michael Sgarbossa,28,WSH,C,5,0,2,2,2,0,0.2,0,0,0,0,2,0,0,4,0.0,49,9:48,2,1,10,19,34.5
714,697,Yegor Sharangovich,22,NJD,C,34,8,5,13,0,2,1.2,8,0,0,2,5,0,0,71,11.3,546,16:04,14,13,21,49,30.0
715,698,Kevin Shattenkirk,32,ANA,D,39,2,11,13,-7,20,2.1,1,1,0,0,8,3,0,66,3.0,839,21:31,45,39,0,0,
716,699,Andrew Shaw,29,CHI,C,14,2,2,4,-5,6,0.1,0,2,0,0,0,2,0,25,8.0,212,15:07,4,20,30,26,53.6
717,700,Riley Sheahan,29,BUF,C,36,3,5,8,-8,6,0.2,3,0,0,0,5,0,0,24,12.5,481,13:21,12,16,157,148,51.5
718,701,Conor Sheary,28,WSH,LW,35,8,6,14,1,12,1.5,8,0,0,0,6,0,0,42,19.0,458,13:05,12,20,2,4,33.3
719,702,Kiefer Sherwood,25,COL,RW,7,0,2,2,1,0,0.1,0,0,0,0,2,0,0,5,0.0,60,8:35,1,12,1,1,50.0
720,703,Devin Shore,26,EDM,C,25,3,4,7,-3,6,0.5,2,0,1,0,4,0,0,15,20.0,254,10:10,14,39,38,40,48.7
721,704,Drew Shore,30,CAR,C,1,0,0,0,-1,2,-0.1,0,0,0,0,0,0,0,1,0.0,9,8:35,0,1,0,2,0.0
722,705,Jonas Siegenthaler,23,WSH,D,7,0,0,0,-3,2,-0.2,0,0,0,0,0,0,0,3,0.0,94,13:23,10,6,0,0,
723,706,Jakob Silfverberg,30,ANA,LW,39,7,7,14,-16,16,0.6,5,1,1,0,6,1,0,75,9.3,659,16:53,21,16,6,12,33.3
724,707,Radim Simek,28,SJS,D,31,2,3,5,-1,6,1.0,2,0,0,0,3,0,0,22,9.1,453,14:36,42,63,0,0,
725,708,Wayne Simmonds,32,TOR,RW,21,6,1,7,-3,28,0.8,3,3,0,0,1,0,0,32,18.8,242,11:33,5,32,4,3,57.1
726,709,Dominik Simon,26,CGY,C,9,0,0,0,0,0,-0.1,0,0,0,0,0,0,0,2,0.0,88,9:44,4,10,3,7,30.0
727,710,Colton Sissons,27,NSH,C,39,6,1,7,-2,14,0.5,5,0,1,0,1,0,0,42,14.3,550,14:06,23,51,222,197,53.0
728,711,Jeff Skinner,28,BUF,LW,34,3,2,5,-10,12,-0.2,3,0,0,0,2,0,0,68,4.4,481,14:09,9,13,2,5,28.6
729,712,Brady Skjei,26,CAR,D,37,1,5,6,4,18,1.9,1,0,0,1,4,0,1,67,1.5,780,21:04,48,47,0,0,
730,713,Jaccob Slavin,26,CAR,D,34,1,9,10,9,2,2.7,1,0,0,0,7,1,1,61,1.6,790,23:14,59,26,0,0,
731,714,Brendan Smith,31,NYR,D,30,2,4,6,3,30,1.5,2,0,0,0,4,0,0,34,5.9,473,15:45,25,56,0,0,
732,715,C.J. Smith,26,BUF,LW,1,0,0,0,0,0,0.0,0,0,0,0,0,0,0,0,,8,7:57,0,3,0,0,
733,716,Cole Smith,25,NSH,F,1,0,0,0,0,0,0.0,0,0,0,0,0,0,0,1,0.0,6,5:57,0,0,0,0,
734,717,Craig Smith,31,BOS,C,34,6,10,16,7,12,1.9,6,0,0,3,9,1,0,82,7.3,507,14:54,7,44,8,10,44.4
735,718,Gemel Smith,26,TBL,C,4,0,3,3,3,9,0.4,0,0,0,0,3,0,0,0,,39,9:42,0,4,15,20,42.9
736,719,Givani Smith,22,DET,RW,12,1,3,4,0,21,0.3,1,0,0,1,3,0,0,15,6.7,124,10:20,3,19,0,0,
737,720,Reilly Smith,29,VEG,RW,37,7,6,13,6,8,1.1,4,2,1,1,6,0,0,83,8.4,668,18:03,13,34,0,4,0.0
738,721,Ty Smith,20,NJD,D,36,2,17,19,1,18,2.8,1,1,0,0,14,3,0,49,4.1,709,19:41,28,28,0,0,
739,722,Carl Soderberg,35,CHI,C,33,6,8,14,-6,14,1.1,2,4,0,1,6,1,1,38,15.8,498,15:06,27,46,191,183,51.1
740,723,Victor Soderstrom,19,ARI,D,2,0,0,0,1,0,0.1,0,0,0,0,0,0,0,1,0.0,27,13:41,0,2,0,0,
741,724,Marcus Sorensen,28,SJS,RW,24,1,3,4,-3,6,-0.1,1,0,0,0,3,0,0,26,3.8,290,12:06,10,14,3,4,42.9
742,725,Carson Soucy,26,MIN,D,31,1,10,11,14,41,2.8,1,0,0,1,10,0,0,26,3.8,475,15:19,35,37,0,0,
743,726,Jason Spezza,37,TOR,C,38,9,12,21,-1,6,2.3,8,1,0,2,8,4,0,56,16.1,407,10:42,7,21,202,153,56.9
744,727,Daniel Sprong,23,WSH,RW,27,7,5,12,7,4,1.7,7,0,0,0,5,0,0,34,20.6,294,10:52,1,11,4,4,50.0
745,728,Jared Spurgeon,31,MIN,D,36,4,8,12,-2,4,2.3,2,2,0,0,6,2,0,68,5.9,794,22:03,63,38,0,0,
746,729,Eric Staal,36,TOT,C,33,4,7,11,-20,10,0.1,3,1,0,1,5,2,0,61,6.6,515,15:36,8,14,183,187,49.5
747,729,Eric Staal,36,BUF,C,32,3,7,10,-20,8,-0.1,2,1,0,0,5,2,0,59,5.1,498,15:34,8,14,169,183,48.0
748,729,Eric Staal,36,MTL,C,1,1,0,1,0,2,0.2,1,0,0,1,0,0,0,2,50.0,17,16:56,0,0,14,4,77.8
749,730,Jordan Staal,32,CAR,C,35,10,16,26,3,22,2.8,5,5,0,2,9,6,1,68,14.7,643,18:23,21,82,439,294,59.9
750,731,Marc Staal,34,DET,D,40,3,4,7,-5,14,1.6,3,0,0,0,4,0,0,37,8.1,718,17:57,33,46,0,0,
751,732,Steven Stamkos,30,TBL,C,36,16,17,33,6,16,4.2,7,9,0,1,11,5,1,86,18.6,661,18:22,9,37,221,167,57.0
752,733,Logan Stanley,22,WPG,D,27,1,2,3,11,15,1.6,1,0,0,0,2,0,0,44,2.3,341,12:39,22,31,0,0,
753,734,Paul Stastny,35,WPG,C,39,11,12,23,-1,16,2.3,9,2,0,3,9,3,0,65,16.9,699,17:55,14,23,240,210,53.3
754,735,Troy Stecher,26,DET,D,29,1,6,7,-9,8,0.8,1,0,0,0,6,0,0,35,2.9,499,17:12,27,20,0,0,
755,736,Sam Steel,22,ANA,C,31,4,6,10,-2,6,0.7,4,0,0,0,6,0,0,30,13.3,466,15:01,11,30,183,151,54.8
756,737,Oskar Steen,22,BOS,C,2,0,0,0,0,2,0.0,0,0,0,0,0,0,0,5,0.0,23,11:37,0,5,0,0,
757,738,Kevin Stenlund,24,CBJ,C,26,5,5,10,-2,6,1.0,5,0,0,1,4,1,0,38,13.2,329,12:40,9,16,81,83,49.4
758,739,Derek Stepan,30,OTT,C,20,1,5,6,-6,8,0.0,1,0,0,0,3,2,0,44,2.3,301,15:04,16,25,130,130,50.0
759,740,Mitchell Stephens,23,TBL,C,4,0,1,1,-2,0,0.0,0,0,0,0,1,0,0,2,0.0,34,8:32,1,4,17,9,65.4
760,741,Chandler Stephenson,26,VEG,C,32,7,13,20,10,21,2.2,5,2,0,2,10,3,0,41,17.1,554,17:18,23,31,215,222,49.2
761,742,Riley Stillman,22,FLA,D,7,0,0,0,3,14,0.3,0,0,0,0,0,0,0,7,0.0,76,10:50,7,13,0,0,
762,743,Mark Stone,28,VEG,RW,36,12,29,41,18,20,5.0,10,2,0,7,20,9,0,59,20.3,669,18:35,19,15,8,13,38.1
763,744,Michael Stone,30,CGY,D,5,1,0,1,-1,0,0.2,1,0,0,0,0,0,0,10,10.0,84,16:43,9,4,0,0,
764,745,Anton Stralman,34,FLA,D,32,3,6,9,-3,6,1.5,3,0,0,0,6,0,0,33,9.1,611,19:05,26,33,0,0,
765,746,Austin Strand,23,LAK,D,12,0,1,1,3,8,0.6,0,0,0,0,1,0,0,11,0.0,172,14:21,15,14,0,0,
766,747,Dylan Strome,23,CHI,C,27,7,4,11,-7,6,0.9,3,4,0,0,1,3,0,47,14.9,435,16:07,16,3,148,165,47.3
767,748,Ryan Strome,27,NYR,C,37,11,23,34,8,14,3.9,10,1,0,1,10,12,1,90,12.2,694,18:46,10,17,230,282,44.9
768,749,Jack Studnicka,21,BOS,C,19,1,2,3,-3,0,0.0,1,0,0,0,2,0,0,25,4.0,239,12:33,8,7,43,50,46.2
769,750,Nico Sturm,25,MIN,C,33,4,3,7,3,15,0.7,4,0,0,1,3,0,0,40,10.0,343,10:23,15,26,20,20,50.0
770,751,Tim Stützle,19,OTT,LW,36,6,14,20,-16,10,1.1,4,2,0,0,10,4,0,78,7.7,568,15:46,13,33,5,9,35.7
771,752,P.K. Subban,31,NJD,D,36,3,12,15,-13,26,1.5,1,2,0,0,9,3,0,81,3.7,811,22:31,35,34,0,0,
772,753,Oskar Sundqvist,26,STL,C,28,4,5,9,-6,14,0.4,3,1,0,0,3,2,0,32,12.5,424,15:09,25,50,115,124,48.1
773,754,Antti Suomela,26,SJS,C,4,0,0,0,0,0,-0.1,0,0,0,0,0,0,0,4,0.0,44,11:07,4,6,14,11,56.0
774,755,Maksim Sushko,21,PHI,RW,2,0,0,0,-1,0,-0.1,0,0,0,0,0,0,0,0,,19,9:34,0,2,0,0,
775,756,Pius Suter,24,CHI,F,39,11,7,18,1,8,2.1,10,1,0,3,6,1,0,78,14.1,638,16:21,21,19,194,260,42.7
776,757,Ryan Suter,36,MIN,D,37,1,13,14,0,8,2.3,0,1,0,0,10,3,0,56,1.8,835,22:34,46,23,0,0,
777,758,Brandon Sutter,31,VAN,C,35,6,2,8,-7,2,0.4,5,0,1,0,2,0,0,56,10.7,528,15:05,24,14,218,175,55.5
778,759,Nick Suzuki,21,MTL,C,35,7,16,23,0,14,1.9,4,3,0,0,10,5,1,65,10.8,648,18:30,23,49,238,298,44.4
779,760,Andrei Svechnikov,20,CAR,RW,37,10,16,26,1,28,2.7,7,3,0,0,8,8,0,103,9.7,653,17:39,8,71,1,3,25.0
780,761,Evgeny Svechnikov,24,DET,LW,10,3,2,5,-2,4,0.6,2,1,0,1,1,1,0,9,33.3,108,10:47,3,8,0,2,0.0
781,762,Brandon Tanev,29,PIT,LW,32,7,9,16,12,22,2.0,6,0,1,0,8,0,1,43,16.3,462,14:26,33,139,3,8,27.3
782,763,Chris Tanev,31,CGY,D,40,2,4,6,2,6,2.2,2,0,0,0,4,0,0,46,4.3,865,21:38,75,24,0,0,
783,764,Vladimir Tarasenko,29,STL,RW,14,2,6,8,-8,0,0.3,1,1,0,0,4,2,0,44,4.5,254,18:10,8,19,0,0,
784,765,Tomas Tatar,30,MTL,LW,34,8,16,24,10,6,2.8,6,2,0,1,11,5,0,60,13.3,504,14:49,16,44,11,12,47.8
785,766,John Tavares,30,TOR,C,39,12,20,32,13,10,3.7,7,5,0,2,15,5,0,110,10.9,704,18:03,20,35,339,253,57.3
786,767,Matt Tennyson,30,NJD,D,10,0,1,1,6,2,0.7,0,0,0,0,1,0,0,10,0.0,137,13:43,5,17,0,0,
787,768,Teuvo Teravainen,26,CAR,F,13,2,7,9,4,2,0.9,2,0,0,1,5,2,0,31,6.5,210,16:09,4,5,7,5,58.3
788,769,Troy Terry,23,ANA,C,31,7,6,13,1,8,1.5,7,0,0,0,6,0,0,45,15.6,440,14:11,8,4,2,2,50.0
789,770,Alexandre Texier,21,CBJ,C,36,4,8,12,-5,14,0.6,4,0,0,0,8,0,0,52,7.7,543,15:05,12,41,65,116,35.9
790,771,Shea Theodore,25,VEG,D,34,6,23,29,17,12,5.6,6,0,0,0,15,8,0,97,6.2,772,22:42,25,11,0,0,
791,772,Ben Thomas,24,TBL,D,1,0,0,0,-1,0,-0.1,0,0,0,0,0,0,0,1,0.0,14,14:23,0,0,0,0,
792,773,Robert Thomas,21,STL,C,19,1,5,6,-1,6,0.2,1,0,0,0,5,0,0,11,9.1,253,13:20,8,2,67,91,42.4
793,774,Nate Thompson,36,WPG,C,27,2,2,4,4,2,0.4,2,0,0,1,2,0,0,12,16.7,238,8:48,8,33,80,81,49.7
794,775,Tage Thompson,23,BUF,C,19,2,2,4,-4,8,0.2,2,0,0,0,2,0,0,39,5.1,251,13:14,7,17,1,3,25.0
795,776,Joe Thornton,41,TOR,C,27,3,9,12,1,4,0.9,3,0,0,0,5,4,0,25,12.0,386,14:17,7,6,19,20,48.7
796,777,Chris Tierney,26,OTT,C,39,5,9,14,-11,6,0.6,5,0,0,3,8,0,1,39,12.8,599,15:21,24,14,222,255,46.5
797,778,Dmytro Timashov,24,NYI,LW,1,0,0,0,-2,0,-0.1,0,0,0,0,0,0,0,1,0.0,7,7:13,0,2,0,0,
798,779,Conor Timmins,22,COL,D,17,0,0,0,-5,6,-0.3,0,0,0,0,0,0,0,15,0.0,222,13:05,12,10,0,0,
799,780,Jarred Tinordi,28,TOT,D,17,0,0,0,-5,9,0.0,0,0,0,0,0,0,0,19,0.0,284,16:43,22,43,0,0,
800,780,Jarred Tinordi,28,BOS,D,10,0,0,0,-4,5,-0.1,0,0,0,0,0,0,0,11,0.0,168,16:49,11,31,0,0,
801,780,Jarred Tinordi,28,NSH,D,7,0,0,0,-1,4,0.1,0,0,0,0,0,0,0,8,0.0,116,16:34,11,12,0,0,
802,781,Owen Tippett,21,FLA,RW,30,5,7,12,-4,6,1.0,3,2,0,1,6,1,0,54,9.3,339,11:18,4,38,0,1,0.0
803,782,Brady Tkachuk,21,OTT,LW,39,12,11,23,-14,47,1.9,8,4,0,2,8,3,0,155,7.7,718,18:24,15,176,81,99,45.0
804,783,Matthew Tkachuk,23,CGY,LW,40,10,18,28,1,41,2.9,7,3,0,0,9,9,0,111,9.0,731,18:16,5,115,2,4,33.3
805,784,Devon Toews,26,COL,D,35,6,16,22,23,10,5.3,4,2,0,1,12,4,0,81,7.4,865,24:42,62,25,0,0,
806,785,Tyler Toffoli,28,MTL,C,32,19,10,29,9,10,4.4,14,3,2,3,7,2,1,102,18.6,562,17:34,8,42,16,23,41.0
807,786,Eeli Tolvanen,21,NSH,RW,30,10,9,19,-4,4,2.3,4,6,0,4,4,5,0,47,21.3,436,14:32,14,55,1,3,25.0
808,787,Yakov Trenin,24,NSH,C,28,2,4,6,3,10,0.5,2,0,0,0,4,0,0,34,5.9,306,10:55,16,56,4,3,57.1
809,788,Vincent Trocheck,27,CAR,C,28,14,15,29,4,8,3.7,8,6,0,2,8,7,0,81,17.3,521,18:37,20,53,266,209,56.0
810,789,Jacob Trouba,26,NYR,D,29,1,7,8,5,18,1.9,1,0,0,0,7,0,0,52,1.9,639,22:01,58,86,0,0,
811,790,Alexander True,23,SJS,F,2,0,0,0,0,4,0.0,0,0,0,0,0,0,0,2,0.0,13,6:32,1,2,1,5,16.7
812,791,Alex Tuch,24,VEG,RW,36,13,11,24,14,18,3.3,11,2,0,1,9,2,0,79,16.5,595,16:31,22,24,7,15,31.8
813,792,Kyle Turris,31,EDM,C,23,2,3,5,-11,10,-0.2,2,0,0,0,3,0,0,22,9.1,284,12:21,7,14,92,96,48.9
814,793,Carsen Twarynski,23,PHI,F,4,0,0,0,-3,2,-0.2,0,0,0,0,0,0,0,2,0.0,37,9:20,1,7,0,0,
815,794,Urho Vaakanainen,22,BOS,D,8,0,2,2,-2,2,0.3,0,0,0,0,2,0,0,13,0.0,149,18:38,17,3,0,0,
816,795,Juuso Valimaki,22,CGY,D,36,1,6,7,-6,16,1.1,1,0,0,0,6,0,0,50,2.0,558,15:30,43,22,0,0,
817,796,James van Riemsdyk,31,PHI,LW,37,13,18,31,3,14,3.4,6,7,0,0,17,1,0,91,14.3,624,16:52,12,34,4,4,50.0
818,797,Trevor van Riemsdyk,29,WSH,D,9,1,0,1,-3,0,0.0,1,0,0,0,0,0,0,8,12.5,136,15:07,13,4,0,0,
819,798,Sami Vatanen,29,NJD,D,26,2,3,5,1,14,1.2,2,0,0,0,3,0,0,37,5.4,444,17:05,33,20,0,0,
820,799,Frank Vatrano,26,FLA,LW,39,13,6,19,6,8,2.7,12,1,0,4,4,2,0,114,11.4,546,14:00,18,40,2,12,14.3
821,800,Carter Verhaeghe,25,FLA,C,39,17,16,33,23,27,5.0,15,1,1,3,15,1,0,94,18.1,686,17:35,12,29,22,24,47.8
822,801,Kristian Vesalainen,21,WPG,W,8,0,1,1,1,0,0.0,0,0,0,0,1,0,0,3,0.0,61,7:35,3,5,0,0,
823,802,Jimmy Vesey,27,TOT,LW,34,5,2,7,-5,4,0.3,5,0,0,1,2,0,0,41,12.2,410,12:04,14,27,0,5,0.0
824,802,Jimmy Vesey,27,TOR,LW,30,5,2,7,-4,4,0.5,5,0,0,1,2,0,0,32,15.6,333,11:07,10,23,0,5,0.0
825,802,Jimmy Vesey,27,VAN,LW,4,0,0,0,-1,0,-0.2,0,0,0,0,0,0,0,9,0.0,77,19:11,4,4,0,0,
826,803,Jeffrey Viel,24,SJS,F,4,0,0,0,0,5,-0.1,0,0,0,0,0,0,0,3,0.0,33,8:11,0,10,0,0,
827,804,Gabriel Vilardi,21,LAK,C,37,6,9,15,-6,2,1.3,4,2,0,2,8,1,0,40,15.0,544,14:43,10,10,204,242,45.7
828,805,Jake Virtanen,24,VAN,RW,32,4,0,4,-3,28,0.1,3,1,0,1,0,0,0,47,8.5,397,12:25,10,68,8,2,80.0
829,806,Marc-Edouard Vlasic,33,SJS,D,37,1,4,5,-4,6,0.9,1,0,0,0,4,0,0,28,3.6,659,17:48,50,22,0,0,
830,807,Alexander Volkov,23,TOT,RW,21,4,2,6,1,4,0.7,4,0,0,0,1,1,0,20,20.0,207,9:53,16,27,0,1,0.0
831,807,Alexander Volkov,23,TBL,RW,19,3,2,5,2,4,0.6,3,0,0,0,1,1,0,18,16.7,181,9:32,15,20,0,1,0.0
832,807,Alexander Volkov,23,ANA,RW,2,1,0,1,-1,0,0.1,1,0,0,0,0,0,0,2,50.0,26,13:12,1,7,0,0,
833,808,Jakub Voracek,31,PHI,RW,34,5,24,29,-5,12,2.2,5,0,0,1,17,7,0,64,7.8,563,16:33,15,12,4,9,30.8
834,809,Jakub Vrana,24,WSH,LW,35,10,13,23,6,8,2.8,10,0,0,3,10,3,0,65,15.4,508,14:31,4,26,1,3,25.0
835,810,Austin Wagner,23,LAK,LW,29,3,4,7,-5,11,0.5,3,0,0,1,4,0,0,51,5.9,303,10:28,8,73,0,2,0.0
836,811,Chris Wagner,29,BOS,C,25,2,2,4,-8,19,-0.1,1,0,1,0,2,0,0,29,6.9,290,11:36,11,40,34,32,51.5
837,812,Oliver Wahlstrom,20,NYI,RW,31,9,7,16,4,17,2.2,7,2,0,1,2,5,0,64,14.1,371,11:58,11,36,4,6,40.0
838,813,Nathan Walker,26,STL,C,7,1,0,1,-3,2,-0.1,1,0,0,0,0,0,0,10,10.0,97,13:50,6,12,2,3,40.0
839,814,Sean Walker,26,LAK,D,28,1,6,7,-12,10,0.6,1,0,0,0,5,1,0,48,2.1,496,17:43,46,22,0,0,
840,815,Lucas Wallmark,25,CHI,C,16,0,3,3,-2,6,-0.1,0,0,0,0,0,2,1,10,0.0,186,11:36,5,20,56,87,39.2
841,816,Jake Walman,24,STL,D,10,0,0,0,-4,0,-0.2,0,0,0,0,0,0,0,15,0.0,127,12:41,3,13,0,0,
842,817,Austin Watson,29,OTT,LW,34,3,7,10,-7,40,0.4,3,0,0,0,6,0,1,41,7.3,408,12:00,49,100,6,17,26.1
843,818,Shea Weber,35,MTL,D,35,5,12,17,6,27,2.9,2,3,0,1,6,6,0,78,6.4,800,22:51,49,51,0,0,
844,819,Yannick Weber,32,PIT,D,2,0,0,0,-3,0,-0.2,0,0,0,0,0,0,0,1,0.0,23,11:19,0,4,0,0,
845,820,MacKenzie Weegar,27,FLA,D,39,3,20,23,20,39,5.0,3,0,0,0,19,0,1,69,4.3,865,22:11,51,82,0,0,
846,821,Andy Welinski,27,ANA,D,7,0,0,0,3,0,0.4,0,0,0,0,0,0,0,9,0.0,95,13:36,4,4,0,0,
847,822,Alexander Wennberg,26,FLA,C,39,11,8,19,4,8,2.1,9,2,0,2,5,3,0,51,21.6,702,18:00,25,15,280,267,51.2
848,823,Zach Werenski,23,CBJ,D,33,6,12,18,-8,13,2.9,6,0,0,1,8,4,0,73,8.2,808,24:30,39,21,0,0,
849,824,Blake Wheeler,34,WPG,RW,39,10,22,32,-15,36,2.5,7,3,0,2,12,10,0,89,11.2,712,18:16,20,39,3,3,50.0
850,825,Colin White,24,OTT,C,32,8,6,14,-8,12,1.2,6,2,0,0,4,2,0,54,14.8,470,14:41,14,41,114,154,42.5
851,826,Zach Whitecloud,24,VEG,D,34,2,6,8,6,12,2.0,2,0,0,1,6,0,0,37,5.4,630,18:31,49,51,0,0,
852,827,Tom Wilson,26,WSH,RW,29,9,14,23,1,43,2.5,6,2,1,3,12,2,0,45,20.0,505,17:25,14,77,8,8,50.0
853,828,Christian Wolanin,25,OTT,D,15,0,3,3,-7,6,-0.1,0,0,0,0,3,0,0,14,0.0,195,13:00,3,3,0,0,
854,829,Miles Wood,25,NJD,LW,36,11,4,15,-5,21,1.6,8,3,0,2,4,0,0,87,12.6,526,14:37,13,24,3,4,42.9
855,830,Kailer Yamamoto,22,EDM,RW,37,7,10,17,9,20,1.8,7,0,0,0,9,0,1,52,13.5,610,16:29,35,45,0,1,0.0
856,831,Keith Yandle,34,FLA,D,39,3,18,21,-7,30,2.5,2,1,0,1,4,14,0,73,4.1,688,17:38,24,13,0,0,
857,832,Pavel Zacha,23,NJD,C,35,7,13,20,-13,6,1.2,6,1,0,2,9,4,0,62,11.3,616,17:35,8,26,271,260,51.0
858,833,Filip Zadina,21,DET,RW,33,4,10,14,-3,0,1.0,2,2,0,0,7,3,0,69,5.8,538,16:18,16,13,4,6,40.0
859,834,Nikita Zadorov,25,CHI,D,39,1,6,7,2,29,1.7,1,0,0,0,6,0,0,43,2.3,736,18:52,50,129,0,0,
860,835,Nikita Zaitsev,29,OTT,D,39,1,11,12,-13,18,1.1,1,0,0,0,11,0,0,56,1.8,873,22:23,78,78,0,0,
861,836,Travis Zajac,35,NJD,C,32,7,10,17,3,6,1.7,7,0,0,2,10,0,0,34,20.6,542,16:56,15,39,241,244,49.7
862,837,Jakub Zboril,23,BOS,D,33,0,7,7,-2,10,1.5,0,0,0,0,6,1,0,27,0.0,595,18:02,25,53,0,0,
863,838,Trevor Zegras,19,ANA,C,17,1,6,7,2,8,0.6,1,0,0,0,6,0,0,33,3.0,249,14:38,3,5,2,9,18.2
864,839,Mika Zibanejad,27,NYR,C,37,12,16,28,4,12,3.1,4,6,2,3,13,2,1,107,11.2,755,20:24,31,52,323,377,46.1
865,840,Radim Zohorna,24,PIT,F,2,1,0,1,1,0,0.2,1,0,0,1,0,0,0,2,50.0,16,7:58,0,4,1,2,33.3
866,841,Artem Zub,25,OTT,D,30,2,6,8,0,12,1.5,2,0,0,0,6,0,0,23,8.7,522,17:25,33,55,0,0,
867,842,Mats Zuccarello,33,MIN,LW,24,6,16,22,6,4,2.5,6,0,0,0,13,3,0,44,13.6,395,16:28,12,5,5,11,31.3
868,843,Jason Zucker,29,PIT,LW,20,5,3,8,-4,8,0.6,5,0,0,0,3,0,0,37,13.5,326,16:19,10,49,2,5,28.6
